CustomerID,TotalPurchases,TotalSpent,LastPurchaseDate,Gender,Region,Age,Income,NumComplaints_12m,NumSupportCalls_12m,PctPurchasesWithDiscount,LoyaltyTier,LoyaltyPoints,JoinDate,Tenure_days,Recency_days,Frequency_12m,Monetary,AvgOrderValue,Est_CLV,Churn,Segment,Segment_Label
1000,5,264.56,2025-09-15 14:17:11.203857,Female,West,61,26946.0,0,0,0.26998640503619675,Bronze,99,2023-09-23 14:17:11.203857,801,78,5,264.56,52.91,119.05,0,1,Medium Value
1001,4,85.94,2025-05-22 14:17:11.203857,Female,West,47,10298.0,0,0,0.19516255541258729,Bronze,96,2022-12-30 14:17:11.203857,1068,194,4,85.94,21.48,38.66,1,0,High Value
1002,4,100.07,2025-02-20 14:17:11.203857,Male,East,66,32474.0,0,2,0.3480633913462357,Bronze,104,2023-02-09 14:17:11.203857,1027,285,4,100.07,25.02,45.04,1,2,Low Value
1003,5,208.73,2025-11-17 14:17:11.203857,Male,North,29,38927.0,0,0,0.30325107910594035,Bronze,114,2023-12-04 14:17:11.203857,729,15,5,208.73,41.75,93.94,0,1,Medium Value
1004,5,30.02,2025-11-20 14:17:11.203857,Male,North,43,30350.0,0,1,0.6437720602342263,Silver,99,2022-05-25 14:17:11.203857,1287,12,5,30.02,6.0,13.5,0,1,Medium Value
1005,3,33.59,2025-08-23 14:17:11.203857,Male,West,61,28427.0,1,1,0.41463832254854177,Bronze,87,2024-08-12 14:17:11.203857,477,101,3,33.59,11.2,15.12,1,1,Medium Value
1006,5,48.05,2025-06-29 14:17:11.203857,Female,North,50,20837.0,1,0,0.34374412240464947,Silver,90,2024-06-10 14:17:11.203857,540,156,5,48.05,9.61,21.62,1,1,Medium Value
1007,4,143.77,2024-12-27 14:17:11.203857,Male,North,30,42939.0,0,0,0.3080662661849206,Bronze,117,2021-09-17 14:17:11.203857,1537,340,4,143.77,35.94,64.69,1,2,Low Value
1008,6,87.92,2025-07-30 14:17:11.203857,Male,South,31,68039.0,0,2,0.2537437952442659,Bronze,107,2021-08-19 14:17:11.203857,1566,125,6,87.92,14.65,39.56,1,1,Medium Value
1009,7,48.48,2024-12-08 14:17:11.203857,Female,North,41,59179.0,1,0,0.068588105198986,Gold,103,2022-05-12 14:17:11.203857,1300,359,7,48.48,6.93,21.83,1,2,Low Value
1010,2,192.84,2025-02-25 14:17:11.203857,Male,South,51,49804.0,0,1,0.36187713174872604,Bronze,99,2023-11-17 14:17:11.203857,746,280,2,192.84,96.42,86.78,1,0,High Value
1011,5,18.8,2025-08-14 14:17:11.203857,Male,North,61,50131.0,0,0,0.0873436505139535,Silver,113,2021-07-05 14:17:11.203857,1611,110,5,18.8,3.76,8.46,1,1,Medium Value
1012,5,46.47,2025-01-02 14:17:11.203857,Male,East,43,38010.0,0,0,0.16275321259048586,Bronze,115,2021-05-30 14:17:11.203857,1647,334,5,46.47,9.29,20.9,1,2,Low Value
1013,6,73.93,2024-12-10 14:17:11.203857,Male,West,38,12932.0,0,0,0.3972768177543159,Bronze,83,2021-08-08 14:17:11.203857,1577,357,6,73.93,12.32,33.26,1,2,Low Value
1014,4,263.74,2025-07-09 14:17:11.203857,Female,South,45,34459.0,2,0,0.2745552893869183,Silver,87,2024-02-01 14:17:11.203857,670,146,4,263.74,65.94,118.69,1,0,High Value
1015,6,47.69,2025-04-30 14:17:11.203857,Female,West,65,25461.0,1,0,0.5376034149367579,Silver,104,2021-01-31 14:17:11.203857,1766,216,6,47.69,7.95,21.46,1,0,High Value
1016,6,123.36,2025-06-23 14:17:11.203857,Male,South,53,42320.0,0,0,0.19497806156796654,Silver,93,2023-04-11 14:17:11.203857,966,162,6,123.36,20.56,55.51,1,0,High Value
1017,1,73.81,2025-07-27 14:17:11.203857,Male,South,57,58498.0,0,0,0.688772129557376,Bronze,107,2023-12-26 14:17:11.203857,707,128,1,73.81,73.81,33.21,1,1,Medium Value
1018,7,27.84,2025-01-22 14:17:11.203857,Female,South,19,69601.0,0,0,0.3682964396737753,Bronze,97,2024-06-30 14:17:11.203857,520,314,7,27.84,3.98,12.54,1,2,Low Value
1019,2,121.69,2025-01-04 14:17:11.203857,Male,East,59,40969.0,0,0,0.12562080244100418,Silver,103,2022-12-22 14:17:11.203857,1076,332,2,121.69,60.84,54.76,1,2,Low Value
1020,11,65.75,2025-07-05 14:17:11.203857,Male,North,26,14993.0,1,1,0.4069202978427312,Silver,85,2021-12-20 14:17:11.203857,1443,150,11,65.75,5.98,29.6,1,1,Medium Value
1021,4,53.68,2025-10-27 14:17:11.203857,Male,South,40,40940.0,0,1,0.3116008815823367,Bronze,94,2021-07-28 14:17:11.203857,1588,36,4,53.68,13.42,24.16,0,1,Medium Value
1022,3,23.64,2025-06-12 14:17:11.203857,Male,East,32,41348.0,0,1,0.08378303481366531,Bronze,128,2023-10-27 14:17:11.203857,767,173,3,23.64,7.88,10.64,1,0,High Value
1023,8,88.43,2025-11-10 14:17:11.203857,Male,South,30,50183.0,1,1,0.6937700713795744,Silver,93,2023-03-30 14:17:11.203857,978,22,8,88.43,11.05,39.78,0,1,Medium Value
1024,3,224.19,2025-05-10 14:17:11.203857,Male,North,40,39712.0,0,1,0.37547872247351904,Bronze,93,2022-09-28 14:17:11.203857,1161,206,3,224.19,74.73,100.89,1,0,High Value
1025,3,49.68,2025-07-28 14:17:11.203857,Male,South,34,40998.0,0,1,0.03439298000453164,Bronze,103,2023-03-21 14:17:11.203857,987,127,3,49.68,16.56,22.36,1,1,Medium Value
1026,5,30.31,2024-12-31 14:17:11.203857,Male,East,65,30519.0,0,0,0.06415353499708064,Silver,97,2023-04-10 14:17:11.203857,967,336,5,30.31,6.06,13.63,1,2,Low Value
1027,8,15.52,2024-12-11 14:17:11.203857,Male,North,19,35321.0,0,0,0.3420149863797563,Bronze,99,2024-06-09 14:17:11.203857,541,356,8,15.52,1.94,6.98,1,2,Low Value
1028,3,13.77,2025-04-29 14:17:11.203857,Female,East,37,47698.0,0,2,0.40664808416413956,Bronze,101,2023-09-11 14:17:11.203857,813,217,3,13.77,4.59,6.2,1,0,High Value
1029,2,75.34,2025-08-28 14:17:11.203857,Female,North,37,9873.0,0,0,0.11373311218336869,Silver,104,2022-11-21 14:17:11.203857,1107,96,2,75.34,37.67,33.9,1,1,Medium Value
1030,5,89.12,2025-06-21 14:17:11.203857,Female,North,63,35241.0,0,0,0.25662126422134346,Bronze,102,2024-02-06 14:17:11.203857,665,164,5,89.12,17.82,40.1,1,0,High Value
1031,3,111.59,2025-07-07 14:17:11.203857,Male,West,20,50318.0,0,1,0.49003017065982885,Silver,92,2022-12-27 14:17:11.203857,1071,148,3,111.59,37.2,50.22,1,0,High Value
1032,8,78.07,2025-11-14 14:17:11.203857,Male,West,29,64611.0,0,1,0.133540273377354,Bronze,125,2024-01-31 14:17:11.203857,671,18,8,78.07,9.76,35.14,0,1,Medium Value
1033,10,95.9,2025-02-11 14:17:11.203857,Female,West,57,34025.0,0,1,0.3058903863132482,Bronze,104,2022-11-13 14:17:11.203857,1115,294,10,95.9,9.59,43.16,1,2,Low Value
1034,3,222.32,2025-05-21 14:17:11.203857,Male,North,19,57781.0,1,0,0.16915418536540197,Bronze,112,2022-07-18 14:17:11.203857,1233,195,3,222.32,74.11,100.05,1,0,High Value
1035,2,192.61,2025-07-04 14:17:11.203857,Female,South,53,65350.0,1,0,0.13301246682330123,Gold,111,2021-05-22 14:17:11.203857,1655,151,2,192.61,96.3,86.67,1,0,High Value
1036,5,186.16,2025-08-01 14:17:11.203857,Male,East,31,34219.0,0,1,0.2254140922380087,Bronze,104,2024-05-03 14:17:11.203857,578,123,5,186.16,37.23,83.77,1,0,High Value
1037,7,167.39,2025-05-29 14:17:11.203857,Female,East,33,31627.0,0,0,0.40758549583384807,Bronze,90,2023-08-08 14:17:11.203857,847,187,7,167.39,23.91,75.32,1,0,High Value
1038,6,133.22,2025-07-06 14:17:11.203857,Female,East,36,37269.0,1,0,0.07956958843768237,Bronze,98,2021-05-27 14:17:11.203857,1650,149,6,133.22,22.2,59.94,1,0,High Value
1039,6,18.3,2025-08-20 14:17:11.203857,Female,West,51,38771.0,0,0,0.30249382630099964,Bronze,100,2021-12-08 14:17:11.203857,1455,104,6,18.3,3.05,8.24,1,1,Medium Value
1040,2,70.22,2025-04-03 14:17:11.203857,Male,North,61,56362.0,1,1,0.41286399157401593,Bronze,111,2024-07-23 14:17:11.203857,497,243,2,70.22,35.11,31.6,1,2,Low Value
1041,4,102.51,2025-04-15 14:17:11.203857,Female,West,63,28394.0,0,0,0.2719583815980352,Bronze,81,2023-07-10 14:17:11.203857,876,231,4,102.51,25.63,46.13,1,2,Low Value
1042,9,39.06,2025-05-10 14:17:11.203857,Male,South,23,63071.0,0,0,0.38110277562401135,Bronze,113,2024-05-06 14:17:11.203857,575,206,9,39.06,4.34,17.58,1,0,High Value
1043,7,247.67,2025-05-18 14:17:11.203857,Male,North,30,27989.0,0,1,0.2569367031384561,Bronze,82,2022-03-21 14:17:11.203857,1352,198,7,247.67,35.38,111.45,1,0,High Value
1044,11,63.95,2024-12-30 14:17:11.203857,Male,East,53,21034.0,0,2,0.5005718924819959,Silver,114,2022-03-22 14:17:11.203857,1351,337,11,63.95,5.81,28.76,1,2,Low Value
1045,8,16.33,2025-09-06 14:17:11.203857,Male,West,39,47857.0,0,0,0.20383011162277587,Silver,112,2022-12-17 14:17:11.203857,1081,87,8,16.33,2.04,7.34,0,1,Medium Value
1046,3,60.85,2025-07-13 14:17:11.203857,Male,West,35,58458.0,0,1,0.4781047409173396,Bronze,89,2024-03-25 14:17:11.203857,617,142,3,60.85,20.28,27.38,1,1,Medium Value
1047,2,113.53,2025-01-19 14:17:11.203857,Male,South,29,42680.0,0,0,0.3769975179244917,Bronze,100,2024-10-26 14:17:11.203857,402,317,2,113.53,56.76,51.08,1,2,Low Value
1048,3,39.06,2025-05-17 14:17:11.203857,Male,South,69,46526.0,2,0,0.44009136572464247,Silver,101,2022-01-01 14:17:11.203857,1431,199,3,39.06,13.02,17.58,1,0,High Value
1049,4,74.56,2025-10-17 14:17:11.203857,Female,West,47,69314.0,0,0,0.03470363669585007,Silver,96,2023-03-15 14:17:11.203857,993,46,4,74.56,18.64,33.55,0,1,Medium Value
1050,5,16.72,2025-02-17 14:17:11.203857,Female,South,68,58670.0,0,2,0.11294533631481612,Bronze,87,2021-01-04 14:17:11.203857,1793,288,5,16.72,3.34,7.52,1,2,Low Value
1051,5,58.09,2025-11-17 14:17:11.203857,Female,East,57,40464.0,0,0,0.28370414105425024,Gold,110,2022-03-22 14:17:11.203857,1351,15,5,58.09,11.62,26.14,0,1,Medium Value
1052,4,84.36,2025-10-19 14:17:11.203857,Male,South,24,33533.0,0,0,0.08117141543863207,Bronze,97,2024-10-18 14:17:11.203857,410,44,4,84.36,21.09,37.96,0,1,Medium Value
1053,3,77.86,2025-06-16 14:17:11.203857,Male,South,49,56426.0,0,0,0.36597311081614314,Bronze,97,2024-02-02 14:17:11.203857,669,169,3,77.86,25.95,35.03,1,0,High Value
1054,8,147.08,2025-01-26 14:17:11.203857,Male,West,65,52439.0,0,0,0.38929922955953317,Bronze,113,2024-04-14 14:17:11.203857,597,310,8,147.08,18.39,66.2,1,2,Low Value
1055,2,34.98,2025-10-19 14:17:11.203857,Male,West,36,46279.0,1,1,0.27120599591498196,Gold,99,2024-04-02 14:17:11.203857,609,44,2,34.98,17.49,15.74,0,1,Medium Value
1056,1,108.74,2025-08-26 14:17:11.203857,Female,North,23,35095.0,1,1,0.2120356492586244,Bronze,112,2022-11-04 14:17:11.203857,1124,98,1,108.74,108.74,48.93,1,1,Medium Value
1057,4,125.63,2025-03-16 14:17:11.203857,Male,North,37,38854.0,0,0,0.13026916590336718,Silver,106,2021-04-24 14:17:11.203857,1683,261,4,125.63,31.41,56.54,1,2,Low Value
1058,5,45.88,2025-08-15 14:17:11.203857,Female,West,44,37787.0,0,0,0.19061502735420535,Bronze,98,2022-08-17 14:17:11.203857,1203,109,5,45.88,9.18,20.66,1,1,Medium Value
1059,4,38.83,2025-02-22 14:17:11.203857,Male,South,60,35344.0,0,0,0.06453478793136931,Bronze,97,2021-01-26 14:17:11.203857,1771,283,4,38.83,9.71,17.48,1,2,Low Value
1060,3,248.95,2024-12-24 14:17:11.203857,Female,South,54,30983.0,0,0,0.3026567309938647,Bronze,92,2024-06-28 14:17:11.203857,522,343,3,248.95,82.98,112.02,1,0,High Value
1061,4,65.39,2025-08-20 14:17:11.203857,Male,North,65,43978.0,0,1,0.10926353160165228,Silver,95,2021-01-04 14:17:11.203857,1793,104,4,65.39,16.35,29.43,1,1,Medium Value
1062,8,112.53,2025-03-21 14:17:11.203857,Female,North,24,30305.0,0,2,0.1806581574482159,Bronze,84,2022-02-12 14:17:11.203857,1389,256,8,112.53,14.07,50.65,1,2,Low Value
1063,2,116.09,2025-05-10 14:17:11.203857,Male,North,22,42661.0,0,0,0.08193409444244075,Bronze,98,2024-04-30 14:17:11.203857,581,206,2,116.09,58.04,52.24,1,0,High Value
1064,2,21.68,2025-01-01 14:17:11.203857,Female,East,28,8502.0,0,0,0.20123672941122825,Bronze,105,2022-05-20 14:17:11.203857,1292,335,2,21.68,10.84,9.76,1,2,Low Value
1065,2,97.41,2025-10-20 14:17:11.203857,Male,East,32,31002.0,0,1,0.5783108324133839,Silver,99,2023-07-15 14:17:11.203857,871,43,2,97.41,48.7,43.83,0,1,Medium Value
1066,7,93.7,2024-12-14 14:17:11.203857,Female,North,20,56475.0,1,1,0.021490555387205696,Bronze,92,2022-11-03 14:17:11.203857,1125,353,7,93.7,13.39,42.18,1,2,Low Value
1067,6,249.88,2025-04-01 14:17:11.203857,Female,South,22,26494.0,0,2,0.05398075307284822,Bronze,103,2022-06-13 14:17:11.203857,1268,245,6,249.88,41.65,112.45,1,0,High Value
1068,7,93.66,2025-02-18 14:17:11.203857,Male,North,40,48882.0,1,0,0.26732977104349104,Bronze,112,2023-05-02 14:17:11.203857,945,287,7,93.66,13.38,42.15,1,2,Low Value
1069,6,143.25,2024-12-12 14:17:11.203857,Female,East,54,27741.0,0,1,0.09255624240078675,Gold,104,2022-01-14 14:17:11.203857,1418,355,6,143.25,23.88,64.48,1,2,Low Value
1070,7,147.35,2025-03-04 14:17:11.203857,Male,South,26,51637.0,0,0,0.37650165645404665,Silver,99,2023-03-17 14:17:11.203857,991,273,7,147.35,21.05,66.31,1,2,Low Value
1071,6,67.11,2025-09-10 14:17:11.203857,Male,East,32,35543.0,0,1,0.2981416562446764,Silver,112,2023-07-02 14:17:11.203857,884,83,6,67.11,11.18,30.19,0,1,Medium Value
1072,4,312.07,2025-08-14 14:17:11.203857,Male,South,20,34950.0,0,0,0.39884252065036013,Bronze,115,2024-03-03 14:17:11.203857,639,110,4,312.07,78.02,140.44,1,0,High Value
1073,2,43.67,2025-05-26 14:17:11.203857,Female,East,46,40815.0,0,1,0.3174656121057769,Bronze,100,2023-07-30 14:17:11.203857,856,190,2,43.67,21.84,19.66,1,0,High Value
1074,3,16.51,2025-02-17 14:17:11.203857,Female,South,23,19849.0,2,0,0.15616168870247857,Gold,106,2022-08-29 14:17:11.203857,1191,288,3,16.51,5.5,7.43,1,2,Low Value
1075,4,56.08,2025-03-26 14:17:11.203857,Male,South,34,54581.0,0,0,0.07032368843995768,Bronze,93,2022-04-27 14:17:11.203857,1315,251,4,56.08,14.02,25.24,1,2,Low Value
1076,7,13.27,2025-05-04 14:17:11.203857,Male,South,43,59552.0,0,1,0.3990649447426346,Bronze,113,2022-05-22 14:17:11.203857,1290,212,7,13.27,1.9,5.98,1,0,High Value
1077,4,46.24,2025-02-14 14:17:11.203857,Female,South,38,34600.0,0,1,0.3924019416861398,Bronze,104,2022-08-09 14:17:11.203857,1211,291,4,46.24,11.56,20.81,1,2,Low Value
1078,3,83.6,2025-07-22 14:17:11.203857,Female,West,25,47863.0,0,0,0.13713576662112503,Gold,105,2022-01-08 14:17:11.203857,1424,133,3,83.6,27.87,37.62,1,1,Medium Value
1079,2,100.69,2025-05-15 14:17:11.203857,Female,East,38,51684.0,0,0,0.36872005932470375,Bronze,97,2021-04-08 14:17:11.203857,1699,201,2,100.69,50.34,45.31,1,0,High Value
1080,6,61.34,2025-02-20 14:17:11.203857,Male,East,28,38631.0,2,0,0.42825468655515947,Bronze,96,2021-12-31 14:17:11.203857,1432,285,6,61.34,10.22,27.59,1,2,Low Value
1081,3,45.86,2025-01-10 14:17:11.203857,Male,West,55,23376.0,0,0,0.37559996945921736,Silver,104,2021-09-11 14:17:11.203857,1543,326,3,45.86,15.29,20.64,1,2,Low Value
1082,5,55.42,2025-08-29 14:17:11.203857,Male,South,25,63911.0,0,0,0.32688801764752623,Bronze,130,2021-11-28 14:17:11.203857,1465,95,5,55.42,11.08,24.93,1,1,Medium Value
1083,9,123.5,2025-02-27 14:17:11.203857,Male,South,59,34112.0,0,0,0.2469101223612301,Bronze,95,2020-12-08 14:17:11.203857,1820,278,9,123.5,13.72,55.57,1,2,Low Value
1084,6,32.65,2025-01-11 14:17:11.203857,Male,East,41,30863.0,0,0,0.5383640176284354,Gold,93,2024-10-25 14:17:11.203857,403,325,6,32.65,5.44,14.69,1,2,Low Value
1085,6,46.07,2025-04-27 14:17:11.203857,Female,West,52,64582.0,0,0,0.3754253515902929,Gold,95,2024-04-08 14:17:11.203857,603,219,6,46.07,7.68,20.74,1,0,High Value
1086,9,106.5,2025-09-04 14:17:11.203857,Male,South,31,49151.0,0,1,0.31804067280668036,Silver,100,2022-01-31 14:17:11.203857,1401,89,9,106.5,11.83,47.91,0,1,Medium Value
1087,4,89.93,2025-09-21 14:17:11.203857,Female,South,31,43861.0,0,0,0.4648404346455395,Silver,108,2024-08-03 14:17:11.203857,486,72,4,89.93,22.48,40.46,0,1,Medium Value
1088,9,15.55,2025-03-30 14:17:11.203857,Female,South,27,25439.0,0,1,0.45889341367551056,Bronze,95,2024-07-12 14:17:11.203857,508,247,9,15.55,1.73,7.01,1,2,Low Value
1089,2,171.04,2025-07-26 14:17:11.203857,Male,North,29,52042.0,0,1,0.14584306185394988,Gold,105,2023-01-19 14:17:11.203857,1048,129,2,171.04,85.52,76.97,1,0,High Value
1090,10,56.69,2025-05-04 14:17:11.203857,Female,West,55,83448.0,0,0,0.35994363148853076,Bronze,115,2023-09-05 14:17:11.203857,819,212,10,56.69,5.67,25.52,1,0,High Value
1091,6,29.1,2024-12-24 14:17:11.203857,Male,South,61,53208.0,0,1,0.5266267889611842,Silver,91,2023-12-01 14:17:11.203857,732,343,6,29.1,4.85,13.1,1,2,Low Value
1092,9,22.67,2025-08-28 14:17:11.203857,Female,North,63,47441.0,0,1,0.4678368844373081,Gold,94,2022-11-05 14:17:11.203857,1123,96,9,22.67,2.52,10.21,1,1,Medium Value
1093,4,172.7,2025-09-18 14:17:11.203857,Male,West,51,50816.0,1,1,0.28242526080027686,Silver,84,2024-03-31 14:17:11.203857,611,75,4,172.7,43.18,77.72,0,1,Medium Value
1094,1,7.46,2025-10-09 14:17:11.203857,Male,South,58,35078.0,0,0,0.3582473548335893,Silver,117,2022-05-25 14:17:11.203857,1287,54,1,7.46,7.46,3.36,0,1,Medium Value
1095,6,113.31,2024-12-23 14:17:11.203857,Female,East,27,34935.0,0,1,0.12884952382343418,Silver,96,2021-12-30 14:17:11.203857,1433,344,6,113.31,18.89,51.0,1,2,Low Value
1096,8,150.84,2025-10-09 14:17:11.203857,Male,North,34,34743.0,0,1,0.12007548737826249,Bronze,103,2022-10-30 14:17:11.203857,1129,54,8,150.84,18.86,67.9,0,1,Medium Value
1097,6,60.64,2025-04-28 14:17:11.203857,Female,North,34,31376.0,0,1,0.5903363119003202,Silver,107,2023-11-24 14:17:11.203857,739,218,6,60.64,10.11,27.3,1,0,High Value
1098,2,233.98,2025-11-16 14:17:11.203857,Male,South,20,34713.0,0,0,0.11832145748067074,Bronze,77,2021-04-28 14:17:11.203857,1679,16,2,233.98,116.99,105.29,0,1,Medium Value
1099,3,34.45,2025-08-25 14:17:11.203857,Male,South,48,34643.0,0,2,0.5101614090722595,Bronze,110,2024-05-10 14:17:11.203857,571,99,3,34.45,11.48,15.5,1,1,Medium Value
1100,5,122.84,2025-11-12 14:17:11.203857,Male,North,68,36330.0,0,0,0.12733463706773107,Bronze,108,2023-07-03 14:17:11.203857,883,20,5,122.84,24.57,55.28,0,1,Medium Value
1101,3,90.78,2025-10-17 14:17:11.203857,Female,East,18,35910.0,0,0,0.33238316048205113,Bronze,105,2024-04-05 14:17:11.203857,606,46,3,90.78,30.26,40.85,0,1,Medium Value
1102,3,254.3,2025-05-23 14:17:11.203857,Female,East,29,43645.0,0,0,0.48877652577359104,Silver,105,2021-10-22 14:17:11.203857,1502,193,3,254.3,84.77,114.44,1,0,High Value
1103,5,66.48,2025-10-05 14:17:11.203857,Male,West,56,41182.0,0,0,0.4065143607477935,Gold,102,2022-09-06 14:17:11.203857,1183,58,5,66.48,13.3,29.92,0,1,Medium Value
1104,6,113.88,2025-08-13 14:17:11.203857,Female,South,21,42510.0,0,1,0.266674579430659,Bronze,110,2024-02-05 14:17:11.203857,666,111,6,113.88,18.98,51.25,1,1,Medium Value
1105,5,90.35,2025-07-26 14:17:11.203857,Male,East,59,62834.0,0,2,0.48410522587724636,Bronze,101,2021-05-13 14:17:11.203857,1664,129,5,90.35,18.07,40.66,1,1,Medium Value
1106,3,18.52,2024-12-30 14:17:11.203857,Female,West,30,41151.0,0,0,0.3997675954303545,Bronze,92,2021-11-09 14:17:11.203857,1484,337,3,18.52,6.17,8.33,1,2,Low Value
1107,5,74.25,2025-05-22 14:17:11.203857,Female,East,51,73163.0,0,0,0.14591451120540727,Gold,110,2021-04-25 14:17:11.203857,1682,194,5,74.25,14.85,33.41,1,0,High Value
1108,3,50.62,2024-12-27 14:17:11.203857,Male,South,59,45290.0,1,0,0.5517747244027698,Bronze,96,2023-01-02 14:17:11.203857,1065,340,3,50.62,16.87,22.77,1,2,Low Value
1109,3,90.81,2025-01-10 14:17:11.203857,Male,West,38,33291.0,2,1,0.49192099380959503,Silver,106,2021-02-18 14:17:11.203857,1748,326,3,90.81,30.27,40.86,1,2,Low Value
1110,6,115.49,2025-11-24 14:17:11.203857,Male,West,39,60244.0,0,1,0.10646637527257848,Gold,76,2024-02-19 14:17:11.203857,652,8,6,115.49,19.25,51.97,0,1,Medium Value
1111,5,203.41,2025-11-03 14:17:11.203857,Male,West,21,38807.0,0,0,0.42988319247850176,Bronze,104,2024-07-02 14:17:11.203857,518,29,5,203.41,40.68,91.53,0,1,Medium Value
1112,6,5.26,2025-08-12 14:17:11.203857,Male,East,35,4095.0,1,0,0.24910606327052712,Gold,94,2023-10-07 14:17:11.203857,787,112,6,5.26,0.88,2.38,1,1,Medium Value
1113,2,83.36,2025-06-24 14:17:11.203857,Female,South,22,39940.0,0,0,0.41672402478672665,Gold,90,2022-08-06 14:17:11.203857,1214,161,2,83.36,41.68,37.51,1,0,High Value
1114,4,24.51,2025-07-24 14:17:11.203857,Female,West,36,36262.0,0,0,0.46828237610847867,Gold,120,2024-10-14 14:17:11.203857,414,131,4,24.51,6.13,11.03,1,1,Medium Value
1115,7,124.02,2025-05-28 14:17:11.203857,Male,North,19,64098.0,0,0,0.031225612722674805,Bronze,102,2021-07-21 14:17:11.203857,1595,188,7,124.02,17.72,55.82,1,0,High Value
1116,6,324.34,2025-06-22 14:17:11.203857,Male,South,29,26536.0,0,2,0.058915766391351695,Bronze,109,2023-05-19 14:17:11.203857,928,163,6,324.34,54.06,145.96,1,0,High Value
1117,5,63.49,2025-05-19 14:17:11.203857,Male,North,34,35010.0,0,0,0.048207185326096046,Silver,110,2022-08-02 14:17:11.203857,1218,197,5,63.49,12.7,28.58,1,0,High Value
1118,4,42.06,2024-12-03 14:17:11.203857,Female,North,27,59015.0,0,0,0.14630061109060544,Bronze,98,2022-07-04 14:17:11.203857,1247,364,4,42.06,10.52,18.94,1,2,Low Value
1119,3,56.39,2025-05-12 14:17:11.203857,Male,West,51,45916.0,1,0,0.5513822731458953,Silver,134,2023-02-10 14:17:11.203857,1026,204,3,56.39,18.8,25.38,1,0,High Value
1120,3,24.88,2025-05-04 14:17:11.203857,Male,West,23,37428.0,0,0,0.08730529568650598,Bronze,110,2023-05-18 14:17:11.203857,929,212,3,24.88,8.29,11.19,1,0,High Value
1121,7,2.41,2025-08-15 14:17:11.203857,Female,East,25,28653.0,0,0,0.34227204516970405,Bronze,101,2024-05-04 14:17:11.203857,577,109,7,2.41,0.34,1.07,1,1,Medium Value
1122,7,101.24,2025-03-01 14:17:11.203857,Female,East,68,45276.0,0,0,0.6998249955779552,Bronze,103,2021-12-09 14:17:11.203857,1454,276,7,101.24,14.46,45.55,1,2,Low Value
1123,6,80.42,2025-09-20 14:17:11.203857,Female,East,28,39560.0,0,0,0.12995587212613421,Bronze,95,2021-06-26 14:17:11.203857,1620,73,6,80.42,13.4,36.18,0,1,Medium Value
1124,6,43.06,2025-06-18 14:17:11.203857,Female,South,29,28483.0,0,0,0.2563282775043136,Bronze,93,2022-09-14 14:17:11.203857,1175,167,6,43.06,7.18,19.39,1,0,High Value
1125,7,30.71,2025-03-17 14:17:11.203857,Male,East,26,29262.0,0,0,0.35514958826969084,Bronze,99,2022-08-06 14:17:11.203857,1214,260,7,30.71,4.39,13.83,1,2,Low Value
1126,8,150.0,2025-04-03 14:17:11.203857,Female,North,19,27783.0,0,1,0.13101063335745866,Bronze,91,2021-03-30 14:17:11.203857,1708,243,8,150.0,18.75,67.5,1,0,High Value
1127,6,192.24,2025-03-02 14:17:11.203857,Female,East,25,25112.0,0,0,0.6594611212929439,Silver,100,2021-09-29 14:17:11.203857,1525,275,6,192.24,32.04,86.51,1,0,High Value
1128,3,92.15,2025-08-22 14:17:11.203857,Male,West,28,54011.0,0,0,0.4471377766876436,Silver,90,2022-07-06 14:17:11.203857,1245,102,3,92.15,30.72,41.47,1,1,Medium Value
1129,7,8.19,2025-06-12 14:17:11.203857,Male,East,53,51991.0,0,2,0.20080833591918007,Bronze,108,2021-12-10 14:17:11.203857,1453,173,7,8.19,1.17,3.69,1,0,High Value
1130,5,71.84,2025-06-14 14:17:11.203857,Male,South,27,54035.0,0,0,0.5767534646584632,Bronze,94,2021-10-04 14:17:11.203857,1520,171,5,71.84,14.37,32.33,1,0,High Value
1131,5,106.78,2025-07-14 14:17:11.203857,Female,South,38,40067.0,0,0,0.2453954738606878,Bronze,104,2024-01-04 14:17:11.203857,698,141,5,106.78,21.36,48.06,1,0,High Value
1132,7,65.56,2025-05-28 14:17:11.203857,Male,North,37,36361.0,0,1,0.17200087704103806,Bronze,88,2024-11-01 14:17:11.203857,396,188,7,65.56,9.37,29.52,1,0,High Value
1133,4,71.98,2025-09-07 14:17:11.203857,Female,South,65,36634.0,0,0,0.10877509193511982,Bronze,103,2022-07-19 14:17:11.203857,1232,86,4,71.98,18.0,32.4,0,1,Medium Value
1134,9,45.9,2025-10-11 14:17:11.203857,Female,East,25,55317.0,0,1,0.1533426386970892,Bronze,109,2022-06-19 14:17:11.203857,1262,52,9,45.9,5.1,20.66,0,1,Medium Value
1135,4,66.77,2025-08-13 14:17:11.203857,Female,West,53,12698.0,2,0,0.20502104740215008,Bronze,95,2021-06-15 14:17:11.203857,1631,111,4,66.77,16.69,30.04,1,1,Medium Value
1136,5,160.0,2024-12-25 14:17:11.203857,Male,South,46,32283.0,0,0,0.2106081048586168,Silver,95,2021-08-05 14:17:11.203857,1580,342,5,160.0,32.0,72.0,1,2,Low Value
1137,2,96.32,2025-10-20 14:17:11.203857,Female,North,59,26690.0,0,0,0.1729273029224586,Bronze,110,2021-09-24 14:17:11.203857,1530,43,2,96.32,48.16,43.34,0,1,Medium Value
1138,6,52.17,2025-05-05 14:17:11.203857,Male,East,29,60398.0,0,0,0.1534595353086424,Gold,90,2023-04-12 14:17:11.203857,965,211,6,52.17,8.7,23.49,1,0,High Value
1139,3,65.72,2025-05-16 14:17:11.203857,Male,North,31,32838.0,0,1,0.2704490985306393,Bronze,103,2022-03-21 14:17:11.203857,1352,200,3,65.72,21.91,29.58,1,0,High Value
1140,6,203.93,2025-02-07 14:17:11.203857,Male,South,65,15460.0,1,0,0.4417015104694861,Gold,78,2021-08-06 14:17:11.203857,1579,298,6,203.93,33.99,91.77,1,0,High Value
1141,2,31.32,2024-12-21 14:17:11.203857,Female,South,67,43351.0,0,1,0.31259573936392226,Bronze,109,2021-09-17 14:17:11.203857,1537,346,2,31.32,15.66,14.09,1,2,Low Value
1142,3,46.31,2025-04-06 14:17:11.203857,Female,North,38,34448.0,0,0,0.22260866959131487,Bronze,112,2023-04-14 14:17:11.203857,963,240,3,46.31,15.44,20.84,1,0,High Value
1143,5,71.85,2025-08-09 14:17:11.203857,Female,East,39,31646.0,0,1,0.2151793265324999,Bronze,98,2020-12-24 14:17:11.203857,1804,115,5,71.85,14.37,32.33,1,1,Medium Value
1144,3,49.49,2025-11-06 14:17:11.203857,Male,South,38,30100.0,0,1,0.5645476216157312,Bronze,88,2023-07-02 14:17:11.203857,884,26,3,49.49,16.5,22.28,0,1,Medium Value
1145,4,197.35,2025-02-06 14:17:11.203857,Female,West,61,29508.0,0,2,0.12654524902921066,Bronze,102,2022-07-18 14:17:11.203857,1233,299,4,197.35,49.34,88.81,1,0,High Value
1146,5,162.74,2025-09-16 14:17:11.203857,Female,South,67,50628.0,0,2,0.5468232919243008,Bronze,100,2024-11-17 14:17:11.203857,380,77,5,162.74,32.55,73.24,0,1,Medium Value
1147,6,70.56,2025-07-18 14:17:11.203857,Female,East,47,43357.0,0,0,0.3552566611243858,Silver,99,2021-10-30 14:17:11.203857,1494,137,6,70.56,11.76,31.75,1,1,Medium Value
1148,3,307.23,2025-11-12 14:17:11.203857,Female,South,56,37031.0,0,0,0.29154594507306814,Bronze,112,2024-02-24 14:17:11.203857,647,20,3,307.23,102.41,138.25,0,1,Medium Value
1149,3,101.9,2025-05-05 14:17:11.203857,Female,North,37,23526.0,0,0,0.11061805483226046,Silver,97,2021-11-01 14:17:11.203857,1492,211,3,101.9,33.97,45.86,1,0,High Value
1150,4,224.12,2025-04-06 14:17:11.203857,Male,South,41,37467.0,0,0,0.5265008755981305,Bronze,104,2023-12-08 14:17:11.203857,725,240,4,224.12,56.03,100.85,1,0,High Value
1151,5,209.9,2025-10-24 14:17:11.203857,Male,South,40,43909.0,0,1,0.23180397965061147,Gold,97,2022-01-09 14:17:11.203857,1423,39,5,209.9,41.98,94.45,0,1,Medium Value
1152,4,113.07,2025-03-09 14:17:11.203857,Male,East,24,44480.0,0,0,0.2865062776173005,Bronze,97,2024-08-12 14:17:11.203857,477,268,4,113.07,28.27,50.89,1,2,Low Value
1153,2,29.14,2025-05-09 14:17:11.203857,Male,North,26,42413.0,1,1,0.3670091305078872,Bronze,102,2024-01-30 14:17:11.203857,672,207,2,29.14,14.57,13.11,1,0,High Value
1154,6,87.09,2025-03-10 14:17:11.203857,Female,East,18,26161.0,0,0,0.22829472458112485,Bronze,89,2022-04-19 14:17:11.203857,1323,267,6,87.09,14.52,39.2,1,2,Low Value
1155,6,44.93,2025-07-01 14:17:11.203857,Male,South,43,3952.0,0,0,0.3326083144249504,Bronze,102,2021-12-22 14:17:11.203857,1441,154,6,44.93,7.49,20.22,1,1,Medium Value
1156,8,122.34,2025-10-21 14:17:11.203857,Female,West,55,66994.0,0,0,0.2915000810215809,Bronze,82,2021-11-24 14:17:11.203857,1469,42,8,122.34,15.29,55.04,0,1,Medium Value
1157,1,108.49,2025-11-21 14:17:11.203857,Male,South,55,20355.0,0,0,0.23592521539453265,Bronze,90,2022-08-22 14:17:11.203857,1198,11,1,108.49,108.49,48.82,0,1,Medium Value
1158,6,98.21,2025-02-11 14:17:11.203857,Male,East,61,10526.0,0,1,0.4786632290585651,Silver,96,2021-02-09 14:17:11.203857,1757,294,6,98.21,16.37,44.2,1,2,Low Value
1159,2,144.89,2025-08-26 14:17:11.203857,Male,West,39,41958.0,0,0,0.2797809902614366,Gold,104,2024-04-05 14:17:11.203857,606,98,2,144.89,72.44,65.2,1,1,Medium Value
1160,5,105.03,2025-03-02 14:17:11.203857,Female,East,61,14372.0,0,0,0.24117719818963845,Bronze,93,2024-11-02 14:17:11.203857,395,275,5,105.03,21.01,47.27,1,2,Low Value
1161,2,77.51,2025-04-16 14:17:11.203857,Female,East,27,27928.0,1,1,0.02345002394893707,Gold,108,2022-12-30 14:17:11.203857,1068,230,2,77.51,38.76,34.88,1,2,Low Value
1162,6,26.87,2025-04-26 14:17:11.203857,Male,North,23,48233.0,0,0,0.48664397927877673,Gold,94,2022-07-18 14:17:11.203857,1233,220,6,26.87,4.48,12.1,1,0,High Value
1163,4,48.91,2025-09-28 14:17:11.203857,Female,West,34,66590.0,0,0,0.14881187669019807,Silver,108,2021-02-17 14:17:11.203857,1749,65,4,48.91,12.23,22.01,0,1,Medium Value
1164,3,33.73,2024-12-12 14:17:11.203857,Male,South,68,45813.0,0,1,0.571485196392569,Bronze,96,2024-04-14 14:17:11.203857,597,355,3,33.73,11.24,15.17,1,2,Low Value
1165,5,151.19,2025-04-14 14:17:11.203857,Male,East,67,33413.0,0,0,0.4307350459150248,Bronze,105,2022-01-10 14:17:11.203857,1422,232,5,151.19,30.24,68.04,1,0,High Value
1166,6,73.62,2025-01-08 14:17:11.203857,Male,South,55,39229.0,0,1,0.4187371501169508,Bronze,97,2021-06-15 14:17:11.203857,1631,328,6,73.62,12.27,33.13,1,2,Low Value
1167,3,98.52,2025-10-11 14:17:11.203857,Female,North,41,12871.0,0,0,0.2091343185079424,Silver,88,2022-04-27 14:17:11.203857,1315,52,3,98.52,32.84,44.33,0,1,Medium Value
1168,4,56.06,2025-03-14 14:17:11.203857,Male,North,68,33239.0,1,0,0.4150937063655347,Bronze,119,2024-10-05 14:17:11.203857,423,263,4,56.06,14.02,25.24,1,2,Low Value
1169,8,177.3,2025-03-10 14:17:11.203857,Male,West,27,33253.0,0,0,0.4928018723179394,Bronze,95,2022-10-24 14:17:11.203857,1135,267,8,177.3,22.16,79.78,1,0,High Value
1170,4,128.1,2024-12-08 14:17:11.203857,Male,North,25,42300.0,0,0,0.3169833503088773,Bronze,93,2021-11-27 14:17:11.203857,1466,359,4,128.1,32.02,57.64,1,2,Low Value
1171,10,89.84,2025-01-19 14:17:11.203857,Female,North,38,69133.0,0,0,0.12480044370853872,Bronze,103,2022-12-16 14:17:11.203857,1082,317,10,89.84,8.98,40.41,1,2,Low Value
1172,4,79.97,2025-01-12 14:17:11.203857,Male,South,23,10948.0,0,0,0.09629538639471581,Silver,77,2024-02-05 14:17:11.203857,666,324,4,79.97,19.99,35.98,1,2,Low Value
1173,5,40.92,2025-07-01 14:17:11.203857,Female,North,38,33885.0,0,0,0.15869944500290128,Bronze,103,2022-09-22 14:17:11.203857,1167,154,5,40.92,8.18,18.4,1,1,Medium Value
1174,10,49.85,2024-12-09 14:17:11.203857,Male,North,56,12497.0,1,0,0.14109114870896422,Silver,114,2022-06-20 14:17:11.203857,1261,358,10,49.85,4.99,22.46,1,2,Low Value
1175,3,18.55,2025-07-15 14:17:11.203857,Female,East,41,32450.0,0,0,0.034349581453198365,Silver,94,2024-08-13 14:17:11.203857,476,140,3,18.55,6.18,8.34,1,1,Medium Value
1176,4,129.92,2025-10-12 14:17:11.203857,Male,North,50,27031.0,1,3,0.10312694862351567,Bronze,88,2020-12-27 14:17:11.203857,1801,51,4,129.92,32.48,58.46,0,1,Medium Value
1177,7,138.32,2025-08-07 14:17:11.203857,Male,East,35,17585.0,0,0,0.2161193318481531,Bronze,89,2024-01-21 14:17:11.203857,681,117,7,138.32,19.76,62.24,1,1,Medium Value
1178,5,142.61,2025-10-17 14:17:11.203857,Female,North,45,53696.0,0,0,0.10984126043510302,Silver,99,2021-09-21 14:17:11.203857,1533,46,5,142.61,28.52,64.17,0,1,Medium Value
1179,10,35.84,2025-01-27 14:17:11.203857,Female,North,69,43835.0,0,0,0.5541763007986462,Bronze,89,2023-02-04 14:17:11.203857,1032,309,10,35.84,3.58,16.11,1,2,Low Value
1180,4,214.49,2025-09-05 14:17:11.203857,Male,West,49,51938.0,0,0,0.28782328641918575,Bronze,78,2023-01-13 14:17:11.203857,1054,88,4,214.49,53.62,96.52,0,1,Medium Value
1181,2,63.65,2025-05-08 14:17:11.203857,Female,West,29,32025.0,0,1,0.10408868701769709,Bronze,104,2024-11-15 14:17:11.203857,382,208,2,63.65,31.82,28.64,1,0,High Value
1182,3,119.26,2025-03-08 14:17:11.203857,Male,East,65,38939.0,1,0,0.3482779178964959,Bronze,105,2021-02-27 14:17:11.203857,1739,269,3,119.26,39.75,53.66,1,2,Low Value
1183,5,26.32,2025-09-04 14:17:11.203857,Male,North,59,63920.0,0,1,0.547825739292167,Bronze,99,2021-09-11 14:17:11.203857,1543,89,5,26.32,5.26,11.83,0,1,Medium Value
1184,8,183.39,2025-08-06 14:17:11.203857,Male,South,44,39959.0,0,0,0.41402076580278824,Bronze,95,2022-10-17 14:17:11.203857,1142,118,8,183.39,22.92,82.51,1,0,High Value
1185,4,134.56,2025-10-09 14:17:11.203857,Female,West,27,52119.0,0,0,0.21592882927656196,Bronze,108,2023-12-09 14:17:11.203857,724,54,4,134.56,33.64,60.55,0,1,Medium Value
1186,3,65.86,2025-08-08 14:17:11.203857,Male,South,63,30738.0,0,0,0.11239253740260897,Bronze,97,2024-01-06 14:17:11.203857,696,116,3,65.86,21.95,29.63,1,1,Medium Value
1187,8,56.57,2025-08-06 14:17:11.203857,Female,West,69,50740.0,0,1,0.14609947241639423,Silver,103,2023-06-24 14:17:11.203857,892,118,8,56.57,7.07,25.45,1,1,Medium Value
1188,6,132.25,2025-03-17 14:17:11.203857,Male,West,59,31766.0,0,0,0.6377797371173717,Bronze,111,2024-11-21 14:17:11.203857,376,260,6,132.25,22.04,59.51,1,2,Low Value
1189,8,183.03,2025-09-18 14:17:11.203857,Female,North,49,11554.0,0,3,0.0976110895276999,Silver,101,2021-11-30 14:17:11.203857,1463,75,8,183.03,22.88,82.37,0,1,Medium Value
1190,3,41.17,2025-01-31 14:17:11.203857,Female,West,59,39886.0,1,0,0.47536812346314233,Bronze,103,2024-05-05 14:17:11.203857,576,305,3,41.17,13.72,18.52,1,2,Low Value
1191,3,77.21,2025-11-25 14:17:11.203857,Male,South,43,32945.0,0,0,0.1673466505511124,Silver,94,2023-03-03 14:17:11.203857,1005,7,3,77.21,25.74,34.75,0,1,Medium Value
1192,5,54.86,2025-08-02 14:17:11.203857,Female,West,42,15628.0,1,0,0.458981611073202,Bronze,108,2024-02-24 14:17:11.203857,647,122,5,54.86,10.97,24.68,1,1,Medium Value
1193,11,188.92,2025-11-21 14:17:11.203857,Male,East,28,42872.0,0,0,0.5030857707847812,Silver,103,2021-08-02 14:17:11.203857,1583,11,11,188.92,17.17,84.99,0,1,Medium Value
1194,7,50.41,2024-12-19 14:17:11.203857,Male,North,40,26597.0,1,1,0.293535087176906,Bronze,91,2022-10-15 14:17:11.203857,1144,348,7,50.41,7.2,22.68,1,2,Low Value
1195,4,27.35,2025-05-01 14:17:11.203857,Male,North,51,86390.0,0,0,0.4049536998016417,Silver,101,2022-01-14 14:17:11.203857,1418,215,4,27.35,6.84,12.31,1,0,High Value
1196,3,136.45,2025-02-26 14:17:11.203857,Male,East,69,18033.0,0,0,0.3884129419874673,Bronze,108,2022-02-04 14:17:11.203857,1397,279,3,136.45,45.48,61.4,1,2,Low Value
1197,8,202.61,2025-11-04 14:17:11.203857,Male,East,57,21806.0,0,0,0.281533148110546,Bronze,114,2021-04-10 14:17:11.203857,1697,28,8,202.61,25.33,91.19,0,1,Medium Value
1198,8,130.95,2025-04-11 14:17:11.203857,Female,East,40,53043.0,0,1,0.14159279344012884,Bronze,81,2021-04-09 14:17:11.203857,1698,235,8,130.95,16.37,58.93,1,2,Low Value
1199,3,173.39,2025-01-23 14:17:11.203857,Male,West,46,38005.0,0,2,0.0991907865205226,Silver,110,2023-01-26 14:17:11.203857,1041,313,3,173.39,57.8,78.03,1,0,High Value
1200,3,293.56,2025-11-06 14:17:11.203857,Female,North,48,52738.0,0,1,0.09801679723194814,Silver,106,2022-12-29 14:17:11.203857,1069,26,3,293.56,97.85,132.1,0,1,Medium Value
1201,6,255.68,2025-10-09 14:17:11.203857,Female,East,24,45706.0,0,0,0.0838720670822377,Bronze,95,2023-10-04 14:17:11.203857,790,54,6,255.68,42.61,115.05,0,1,Medium Value
1202,2,257.59,2025-11-03 14:17:11.203857,Male,West,57,31265.0,0,0,0.3892713958442377,Silver,102,2023-04-22 14:17:11.203857,955,29,2,257.59,128.79,115.91,0,1,Medium Value
1203,7,55.43,2024-12-14 14:17:11.203857,Female,East,50,19314.0,0,0,0.1396381543412088,Silver,84,2024-09-03 14:17:11.203857,455,353,7,55.43,7.92,24.95,1,2,Low Value
1204,5,137.5,2025-06-21 14:17:11.203857,Male,South,38,56066.0,1,0,0.33459902816389087,Gold,98,2023-09-04 14:17:11.203857,820,164,5,137.5,27.5,61.88,1,0,High Value
1205,5,94.03,2025-03-07 14:17:11.203857,Female,South,19,20673.0,1,1,0.30822554171413563,Silver,113,2023-09-16 14:17:11.203857,808,270,5,94.03,18.81,42.32,1,2,Low Value
1206,6,92.78,2025-01-02 14:17:11.203857,Female,North,35,48384.0,0,1,0.37156126408132056,Silver,102,2024-09-15 14:17:11.203857,443,334,6,92.78,15.46,41.74,1,2,Low Value
1207,1,178.39,2025-10-28 14:17:11.203857,Female,West,64,53785.0,0,0,0.09153877138282417,Bronze,97,2022-05-21 14:17:11.203857,1291,35,1,178.39,178.39,80.28,0,1,Medium Value
1208,10,124.06,2025-02-19 14:17:11.203857,Male,South,50,38096.0,0,1,0.09256773312083688,Silver,109,2024-08-22 14:17:11.203857,467,286,10,124.06,12.41,55.84,1,2,Low Value
1209,2,79.14,2024-12-19 14:17:11.203857,Female,South,54,35438.0,0,0,0.1374152699363605,Bronze,103,2023-03-21 14:17:11.203857,987,348,2,79.14,39.57,35.61,1,2,Low Value
1210,5,47.89,2025-03-04 14:17:11.203857,Male,West,51,25244.0,0,0,0.15640300983959327,Gold,111,2022-03-19 14:17:11.203857,1354,273,5,47.89,9.58,21.56,1,2,Low Value
1211,4,124.82,2025-05-08 14:17:11.203857,Female,East,37,46941.0,0,1,0.3428430344383219,Bronze,89,2021-04-05 14:17:11.203857,1702,208,4,124.82,31.2,56.16,1,0,High Value
1212,5,73.4,2025-04-08 14:17:11.203857,Female,West,52,-5689.0,0,0,0.24720300589238642,Bronze,95,2021-06-11 14:17:11.203857,1635,238,5,73.4,14.68,33.03,1,2,Low Value
1213,4,177.8,2025-08-31 14:17:11.203857,Female,East,68,50736.0,0,0,0.1709946260068262,Bronze,104,2024-04-13 14:17:11.203857,598,93,4,177.8,44.45,80.01,1,1,Medium Value
1214,5,174.05,2025-06-12 14:17:11.203857,Female,South,67,41792.0,0,1,0.2635460750713831,Silver,91,2023-02-28 14:17:11.203857,1008,173,5,174.05,34.81,78.32,1,0,High Value
1215,6,112.23,2025-09-14 14:17:11.203857,Male,South,35,36658.0,0,0,0.619065034317763,Gold,101,2021-06-23 14:17:11.203857,1623,79,6,112.23,18.71,50.52,0,1,Medium Value
1216,1,33.24,2025-08-14 14:17:11.203857,Male,South,63,43635.0,0,0,0.16556179834425747,Bronze,87,2022-10-05 14:17:11.203857,1154,110,1,33.24,33.24,14.96,1,1,Medium Value
1217,3,60.21,2025-04-29 14:17:11.203857,Female,North,41,19397.0,0,1,0.10536419038223249,Silver,82,2023-11-12 14:17:11.203857,751,217,3,60.21,20.07,27.09,1,0,High Value
1218,2,264.66,2024-12-09 14:17:11.203857,Female,North,25,3805.0,0,0,0.0909279767520663,Silver,106,2022-08-09 14:17:11.203857,1211,358,2,264.66,132.33,119.1,1,0,High Value
1219,5,121.86,2025-08-18 14:17:11.203857,Male,North,47,47029.0,0,0,0.3302533964147362,Silver,102,2024-10-26 14:17:11.203857,402,106,5,121.86,24.37,54.83,1,1,Medium Value
1220,4,202.14,2025-10-16 14:17:11.203857,Male,West,61,59748.0,1,1,0.24779050670125466,Bronze,120,2021-09-05 14:17:11.203857,1549,47,4,202.14,50.54,90.97,0,1,Medium Value
1221,7,34.72,2025-06-04 14:17:11.203857,Male,South,27,13909.0,0,0,0.5166421744931484,Silver,101,2021-10-19 14:17:11.203857,1505,181,7,34.72,4.96,15.62,1,0,High Value
1222,7,478.42,2025-09-29 14:17:11.203857,Male,South,40,24213.0,0,1,0.28225239906166416,Bronze,94,2024-04-06 14:17:11.203857,605,64,7,478.42,68.35,215.3,0,0,High Value
1223,2,15.66,2025-03-31 14:17:11.203857,Female,West,69,51285.0,1,0,0.8752158762953199,Silver,95,2022-01-18 14:17:11.203857,1414,246,2,15.66,7.83,7.05,1,2,Low Value
1224,6,123.18,2025-04-02 14:17:11.203857,Female,North,66,45383.0,1,0,0.2879862107021305,Bronze,90,2023-05-21 14:17:11.203857,926,244,6,123.18,20.53,55.43,1,2,Low Value
1225,7,13.94,2025-01-16 14:17:11.203857,Male,West,28,84447.0,0,2,0.4749621012865682,Bronze,93,2022-09-19 14:17:11.203857,1170,320,7,13.94,1.99,6.27,1,2,Low Value
1226,2,177.79,2025-09-06 14:17:11.203857,Male,North,19,56135.0,1,0,0.4240198133303536,Silver,104,2024-02-09 14:17:11.203857,662,87,2,177.79,88.9,80.01,0,1,Medium Value
1227,7,41.32,2025-04-29 14:17:11.203857,Male,South,43,52531.0,0,0,0.09395081151389911,Bronze,93,2022-09-20 14:17:11.203857,1169,217,7,41.32,5.9,18.58,1,0,High Value
1228,5,74.08,2025-11-25 14:17:11.203857,Male,East,53,28543.0,0,2,0.13247083176002694,Bronze,96,2024-07-02 14:17:11.203857,518,7,5,74.08,14.82,33.34,0,1,Medium Value
1229,7,106.65,2025-02-27 14:17:11.203857,Male,North,50,47872.0,1,0,0.20091063674489992,Silver,99,2022-12-02 14:17:11.203857,1096,278,7,106.65,15.24,48.01,1,2,Low Value
1230,6,146.3,2024-12-30 14:17:11.203857,Male,South,64,62431.0,0,1,0.09802473213520212,Bronze,95,2023-08-23 14:17:11.203857,832,337,6,146.3,24.38,65.83,1,2,Low Value
1231,5,73.04,2025-05-06 14:17:11.203857,Female,South,30,37534.0,0,0,0.472324099326548,Bronze,114,2024-10-15 14:17:11.203857,413,210,5,73.04,14.61,32.87,1,0,High Value
1232,6,97.77,2025-06-16 14:17:11.203857,Female,East,57,38242.0,0,0,0.19640744641202745,Bronze,102,2024-10-18 14:17:11.203857,410,169,6,97.77,16.29,43.98,1,0,High Value
1233,5,103.39,2025-01-06 14:17:11.203857,Female,South,42,42120.0,1,0,0.2602928170138902,Bronze,104,2021-05-04 14:17:11.203857,1673,330,5,103.39,20.68,46.53,1,2,Low Value
1234,4,88.25,2025-07-17 14:17:11.203857,Male,South,21,30033.0,0,0,0.14152984835217852,Bronze,90,2022-10-15 14:17:11.203857,1144,138,4,88.25,22.06,39.71,1,1,Medium Value
1235,7,72.1,2025-01-30 14:17:11.203857,Male,North,59,44034.0,1,1,0.28678181449645007,Bronze,79,2024-09-12 14:17:11.203857,446,306,7,72.1,10.3,32.45,1,2,Low Value
1236,1,55.8,2025-04-16 14:17:11.203857,Male,North,36,43660.0,0,0,0.16827336067514823,Gold,95,2021-12-31 14:17:11.203857,1432,230,1,55.8,55.8,25.11,1,0,High Value
1237,8,107.5,2025-01-28 14:17:11.203857,Female,East,35,62200.0,0,0,0.20307517251117888,Bronze,118,2022-04-23 14:17:11.203857,1319,308,8,107.5,13.44,48.38,1,2,Low Value
1238,4,104.87,2025-06-24 14:17:11.203857,Male,East,54,37159.0,0,0,0.48681445573168275,Bronze,127,2024-03-05 14:17:11.203857,637,161,4,104.87,26.22,47.2,1,0,High Value
1239,5,47.3,2025-12-01 14:17:11.203857,Male,South,47,50121.0,0,0,0.623347250367917,Bronze,94,2023-11-05 14:17:11.203857,758,1,5,47.3,9.46,21.29,0,1,Medium Value
1240,3,72.38,2025-04-10 14:17:11.203857,Female,North,36,37607.0,0,0,0.46476822751217967,Bronze,114,2022-10-05 14:17:11.203857,1154,236,3,72.38,24.13,32.58,1,2,Low Value
1241,7,14.12,2025-05-28 14:17:11.203857,Male,East,40,49596.0,0,1,0.3585749822199861,Silver,119,2023-04-18 14:17:11.203857,959,188,7,14.12,2.02,6.36,1,0,High Value
1242,2,69.3,2025-11-28 14:17:11.203857,Female,East,33,36249.0,0,0,0.1310839610275118,Silver,110,2024-10-06 14:17:11.203857,422,4,2,69.3,34.65,31.18,0,1,Medium Value
1243,5,14.67,2025-07-23 14:17:11.203857,Female,West,18,48602.0,0,0,0.13178543405873155,Bronze,91,2023-05-18 14:17:11.203857,929,132,5,14.67,2.93,6.59,1,1,Medium Value
1244,10,56.89,2025-04-28 14:17:11.203857,Male,East,29,50924.0,0,0,0.44729205285278106,Bronze,119,2024-12-02 14:17:11.203857,365,218,10,56.89,5.69,25.6,1,0,High Value
1245,7,33.49,2025-03-17 14:17:11.203857,Female,South,41,24000.0,0,1,0.2800041636617309,Bronze,102,2024-05-01 14:17:11.203857,580,260,7,33.49,4.78,15.06,1,2,Low Value
1246,7,43.22,2025-12-01 14:17:11.203857,Male,North,51,56536.0,0,1,0.2721370908256037,Silver,97,2021-04-02 14:17:11.203857,1705,1,7,43.22,6.17,19.44,0,1,Medium Value
1247,10,206.65,2025-09-22 14:17:11.203857,Female,East,25,37503.0,1,1,0.30073208363627507,Bronze,106,2021-06-30 14:17:11.203857,1616,71,10,206.65,20.66,92.97,0,1,Medium Value
1248,1,29.33,2025-06-07 14:17:11.203857,Male,West,35,32953.0,0,1,0.16781263928557885,Bronze,100,2022-10-29 14:17:11.203857,1130,178,1,29.33,29.33,13.2,1,0,High Value
1249,5,61.16,2025-05-27 14:17:11.203857,Female,North,65,29350.0,0,0,0.25626635315247165,Bronze,103,2023-02-01 14:17:11.203857,1035,189,5,61.16,12.23,27.52,1,0,High Value
1250,3,106.66,2025-02-14 14:17:11.203857,Male,East,22,44473.0,0,2,0.39765590133538076,Silver,94,2021-05-02 14:17:11.203857,1675,291,3,106.66,35.55,47.99,1,2,Low Value
1251,8,10.72,2025-11-24 14:17:11.203857,Female,West,43,39931.0,0,0,0.03412553813031909,Silver,112,2023-07-11 14:17:11.203857,875,8,8,10.72,1.34,4.82,0,1,Medium Value
1252,7,74.01,2025-03-24 14:17:11.203857,Female,East,47,45562.0,0,0,0.2844911269212476,Gold,119,2022-06-02 14:17:11.203857,1279,253,7,74.01,10.57,33.3,1,2,Low Value
1253,3,99.54,2025-02-13 14:17:11.203857,Female,North,30,45853.0,0,1,0.39964547954729307,Bronze,108,2024-08-30 14:17:11.203857,459,292,3,99.54,33.18,44.79,1,2,Low Value
1254,1,31.83,2025-04-02 14:17:11.203857,Male,North,36,49129.0,1,0,0.11557306494618172,Bronze,98,2023-07-29 14:17:11.203857,857,244,1,31.83,31.83,14.32,1,2,Low Value
1255,5,21.01,2025-08-01 14:17:11.203857,Male,North,46,81644.0,0,1,0.2547402616709981,Bronze,92,2022-10-30 14:17:11.203857,1129,123,5,21.01,4.2,9.45,1,1,Medium Value
1256,3,144.63,2025-02-06 14:17:11.203857,Female,South,20,40595.0,0,1,0.1395974900770157,Silver,94,2022-02-15 14:17:11.203857,1386,299,3,144.63,48.21,65.08,1,2,Low Value
1257,6,11.26,2025-02-22 14:17:11.203857,Male,East,43,28981.0,0,1,0.2949614536226481,Gold,99,2024-07-06 14:17:11.203857,514,283,6,11.26,1.88,5.08,1,2,Low Value
1258,3,60.41,2025-10-31 14:17:11.203857,Female,South,57,9703.0,0,0,0.04816328493810935,Bronze,96,2022-01-21 14:17:11.203857,1411,32,3,60.41,20.14,27.19,0,1,Medium Value
1259,4,27.83,2025-01-02 14:17:11.203857,Male,North,29,22070.0,0,1,0.4821901368053591,Bronze,115,2022-11-08 14:17:11.203857,1120,334,4,27.83,6.96,12.53,1,2,Low Value
1260,5,5.35,2025-07-09 14:17:11.203857,Female,West,19,58530.0,0,1,0.25437180293444844,Bronze,103,2021-07-13 14:17:11.203857,1603,146,5,5.35,1.07,2.41,1,1,Medium Value
1261,8,179.57,2025-06-29 14:17:11.203857,Male,East,28,50799.0,0,0,0.1500718123961844,Bronze,101,2023-10-31 14:17:11.203857,763,156,8,179.57,22.45,80.82,1,0,High Value
1262,7,135.54,2025-11-16 14:17:11.203857,Female,South,61,19750.0,0,1,0.379438299627585,Bronze,107,2023-10-20 14:17:11.203857,774,16,7,135.54,19.36,60.98,0,1,Medium Value
1263,5,189.93,2024-12-12 14:17:11.203857,Female,East,45,76963.0,0,0,0.04596526769253062,Bronze,106,2024-07-25 14:17:11.203857,495,355,5,189.93,37.99,85.48,1,0,High Value
1264,4,92.48,2025-10-16 14:17:11.203857,Female,West,35,44901.0,0,1,0.32289411160366605,Bronze,100,2022-08-01 14:17:11.203857,1219,47,4,92.48,23.12,41.62,0,1,Medium Value
1265,6,27.88,2025-03-26 14:17:11.203857,Female,South,30,46905.0,0,0,0.3802054156303417,Bronze,98,2024-07-08 14:17:11.203857,512,251,6,27.88,4.65,12.56,1,2,Low Value
1266,8,55.08,2025-05-29 14:17:11.203857,Male,North,54,73663.0,0,0,0.44766425205181426,Silver,93,2023-11-18 14:17:11.203857,745,187,8,55.08,6.88,24.77,1,0,High Value
1267,4,19.93,2025-11-01 14:17:11.203857,Female,South,39,66092.0,0,2,0.1794418334424936,Bronze,97,2021-10-27 14:17:11.203857,1497,31,4,19.93,4.98,8.96,0,1,Medium Value
1268,3,66.92,2025-03-17 14:17:11.203857,Male,East,29,51717.0,0,2,0.2651927481665206,Bronze,92,2023-05-31 14:17:11.203857,916,260,3,66.92,22.31,30.12,1,2,Low Value
1269,2,171.61,2025-11-15 14:17:11.203857,Male,East,19,52438.0,1,1,0.6354417681922189,Bronze,82,2021-10-15 14:17:11.203857,1509,17,2,171.61,85.8,77.22,0,1,Medium Value
1270,3,55.46,2025-10-24 14:17:11.203857,Female,East,54,53842.0,0,0,0.386769070132722,Silver,108,2024-02-12 14:17:11.203857,659,39,3,55.46,18.49,24.96,0,1,Medium Value
1271,9,107.64,2025-02-01 14:17:11.203857,Male,East,24,36385.0,0,2,0.1701854869283051,Silver,106,2021-10-16 14:17:11.203857,1508,304,9,107.64,11.96,48.44,1,2,Low Value
1272,5,101.41,2025-10-24 14:17:11.203857,Male,North,43,44302.0,0,0,0.1584371176387275,Bronze,123,2023-09-04 14:17:11.203857,820,39,5,101.41,20.28,45.63,0,1,Medium Value
1273,4,25.74,2025-07-23 14:17:11.203857,Male,South,43,48615.0,0,0,0.4194839511568937,Bronze,88,2024-06-17 14:17:11.203857,533,132,4,25.74,6.44,11.59,1,1,Medium Value
1274,7,26.38,2025-11-02 14:17:11.203857,Female,North,41,38098.0,1,0,0.37658270413724604,Bronze,85,2022-12-24 14:17:11.203857,1074,30,7,26.38,3.77,11.88,0,1,Medium Value
1275,8,133.67,2025-06-27 14:17:11.203857,Male,North,29,25519.0,2,0,0.33349979042173605,Silver,91,2021-09-23 14:17:11.203857,1531,158,8,133.67,16.71,60.16,1,0,High Value
1276,4,37.99,2025-02-27 14:17:11.203857,Male,North,33,36008.0,0,0,0.318092303061578,Silver,74,2024-10-27 14:17:11.203857,401,278,4,37.99,9.5,17.1,1,2,Low Value
1277,4,112.08,2025-05-13 14:17:11.203857,Female,East,40,25181.0,0,0,0.2199006142191959,Silver,91,2021-05-28 14:17:11.203857,1649,203,4,112.08,28.02,50.44,1,0,High Value
1278,8,37.36,2025-09-27 14:17:11.203857,Female,East,57,40966.0,0,0,0.06934624802699843,Bronze,114,2024-04-16 14:17:11.203857,595,66,8,37.36,4.67,16.81,0,1,Medium Value
1279,5,45.17,2025-08-16 14:17:11.203857,Male,East,26,13293.0,1,1,0.6300653197907122,Gold,87,2024-03-24 14:17:11.203857,618,108,5,45.17,9.03,20.32,1,1,Medium Value
1280,5,110.38,2025-03-09 14:17:11.203857,Female,South,49,45116.0,1,0,0.38273847791352006,Gold,93,2024-01-09 14:17:11.203857,693,268,5,110.38,22.08,49.68,1,2,Low Value
1281,6,71.61,2025-04-24 14:17:11.203857,Male,West,32,15531.0,2,0,0.15331358574103285,Silver,96,2021-04-22 14:17:11.203857,1685,222,6,71.61,11.94,32.24,1,0,High Value
1282,7,62.72,2025-02-13 14:17:11.203857,Male,East,54,33948.0,0,0,0.11946859213116315,Bronze,95,2022-03-29 14:17:11.203857,1344,292,7,62.72,8.96,28.22,1,2,Low Value
1283,2,34.16,2025-11-14 14:17:11.203857,Male,South,30,47562.0,0,0,0.1640198139665405,Bronze,84,2024-11-23 14:17:11.203857,374,18,2,34.16,17.08,15.37,0,1,Medium Value
1284,1,91.06,2025-09-03 14:17:11.203857,Female,East,22,51867.0,1,0,0.5602178874373133,Bronze,94,2023-09-14 14:17:11.203857,810,90,1,91.06,91.06,40.98,0,1,Medium Value
1285,7,39.83,2025-06-04 14:17:11.203857,Male,East,28,50085.0,0,1,0.19221770920080472,Bronze,92,2022-05-26 14:17:11.203857,1286,181,7,39.83,5.69,17.92,1,0,High Value
1286,5,121.61,2025-03-22 14:17:11.203857,Female,North,27,44796.0,0,2,0.44988349368974967,Bronze,122,2022-08-20 14:17:11.203857,1200,255,5,121.61,24.32,54.72,1,2,Low Value
1287,4,34.81,2025-03-24 14:17:11.203857,Female,North,69,23211.0,0,0,0.09868868616414726,Silver,96,2021-06-28 14:17:11.203857,1618,253,4,34.81,8.7,15.66,1,2,Low Value
1288,4,62.15,2025-03-20 14:17:11.203857,Male,North,30,54709.0,1,1,0.12383308842379688,Silver,95,2024-09-16 14:17:11.203857,442,257,4,62.15,15.54,27.97,1,2,Low Value
1289,3,123.19,2024-12-21 14:17:11.203857,Female,South,58,23554.0,0,0,0.26575793240991985,Gold,112,2020-12-15 14:17:11.203857,1813,346,3,123.19,41.06,55.43,1,2,Low Value
1290,8,103.95,2025-09-06 14:17:11.203857,Female,West,63,56419.0,0,1,0.08776772483690545,Bronze,107,2024-05-24 14:17:11.203857,557,87,8,103.95,12.99,46.76,0,1,Medium Value
1291,7,109.98,2025-09-03 14:17:11.203857,Female,West,67,49416.0,0,0,0.28016658556507856,Bronze,88,2023-10-29 14:17:11.203857,765,90,7,109.98,15.71,49.49,0,1,Medium Value
1292,1,74.51,2025-04-09 14:17:11.203857,Female,South,32,60384.0,0,0,0.4736415555075851,Silver,112,2024-08-16 14:17:11.203857,473,237,1,74.51,74.51,33.53,1,2,Low Value
1293,2,27.89,2025-09-23 14:17:11.203857,Female,East,59,40373.0,0,0,0.3891487846947415,Bronze,109,2022-10-03 14:17:11.203857,1156,70,2,27.89,13.94,12.55,0,1,Medium Value
1294,4,149.13,2025-10-19 14:17:11.203857,Male,South,24,27719.0,0,0,0.480655482604144,Bronze,100,2024-03-15 14:17:11.203857,627,44,4,149.13,37.28,67.1,0,1,Medium Value
1295,6,81.58,2025-05-16 14:17:11.203857,Female,East,57,20610.0,0,0,0.3204306769858626,Gold,103,2024-01-09 14:17:11.203857,693,200,6,81.58,13.6,36.72,1,0,High Value
1296,4,47.75,2025-07-03 14:17:11.203857,Male,South,45,22276.0,0,3,0.21103577657355302,Silver,108,2023-12-06 14:17:11.203857,727,152,4,47.75,11.94,21.49,1,1,Medium Value
1297,6,44.41,2025-09-07 14:17:11.203857,Male,South,49,15448.0,0,2,0.2338628918746304,Bronze,105,2021-01-31 14:17:11.203857,1766,86,6,44.41,7.4,19.98,0,1,Medium Value
1298,8,234.0,2025-11-13 14:17:11.203857,Male,South,52,54130.0,0,0,0.14542898471992885,Silver,111,2021-03-09 14:17:11.203857,1729,19,8,234.0,29.25,105.3,0,1,Medium Value
1299,7,70.74,2025-08-23 14:17:11.203857,Male,West,32,56011.0,0,0,0.1849037389195161,Silver,100,2024-03-19 14:17:11.203857,623,101,7,70.74,10.11,31.85,1,1,Medium Value
1300,5,21.67,2025-08-29 14:17:11.203857,Male,North,65,48305.0,1,0,0.28425615857666986,Silver,107,2021-03-15 14:17:11.203857,1723,95,5,21.67,4.33,9.74,1,1,Medium Value
1301,2,184.15,2025-03-23 14:17:11.203857,Male,South,53,39504.0,1,0,0.3442590037855796,Silver,107,2024-09-09 14:17:11.203857,449,254,2,184.15,92.08,82.87,1,0,High Value
1302,1,61.91,2024-12-10 14:17:11.203857,Female,West,38,70914.0,0,1,0.12075738961244414,Bronze,108,2024-01-30 14:17:11.203857,672,357,1,61.91,61.91,27.86,1,2,Low Value
1303,7,50.32,2025-11-02 14:17:11.203857,Female,North,23,38528.0,0,0,0.07373410229729441,Silver,93,2024-03-16 14:17:11.203857,626,30,7,50.32,7.19,22.65,0,1,Medium Value
1304,4,30.26,2025-03-28 14:17:11.203857,Female,North,18,43314.0,0,0,0.0687273363753586,Bronze,76,2022-09-28 14:17:11.203857,1161,249,4,30.26,7.56,13.61,1,2,Low Value
1305,1,84.71,2025-10-30 14:17:11.203857,Male,South,21,39282.0,0,0,0.2548378502872429,Bronze,107,2023-03-13 14:17:11.203857,995,33,1,84.71,84.71,38.12,0,1,Medium Value
1306,6,154.68,2025-04-17 14:17:11.203857,Female,East,28,34925.0,0,0,0.5780577794361944,Gold,93,2023-01-23 14:17:11.203857,1044,229,6,154.68,25.78,69.61,1,0,High Value
1307,5,87.02,2025-11-20 14:17:11.203857,Female,East,61,49465.0,0,0,0.5643868622628063,Bronze,100,2022-07-22 14:17:11.203857,1229,12,5,87.02,17.4,39.15,0,1,Medium Value
1308,8,54.45,2025-08-06 14:17:11.203857,Female,East,43,30498.0,0,1,0.01677940717633178,Silver,93,2021-06-07 14:17:11.203857,1639,118,8,54.45,6.81,24.52,1,1,Medium Value
1309,5,17.91,2024-12-17 14:17:11.203857,Male,South,54,29491.0,0,1,0.3987764844951722,Silver,110,2024-01-14 14:17:11.203857,688,350,5,17.91,3.58,8.06,1,2,Low Value
1310,4,65.35,2025-06-30 14:17:11.203857,Female,East,40,50222.0,0,0,0.23384801968147134,Gold,98,2022-05-23 14:17:11.203857,1289,155,4,65.35,16.34,29.41,1,1,Medium Value
1311,10,100.47,2025-03-31 14:17:11.203857,Male,West,46,32536.0,0,0,0.18502444798979653,Silver,94,2021-06-29 14:17:11.203857,1617,246,10,100.47,10.05,45.22,1,2,Low Value
1312,7,37.94,2025-01-04 14:17:11.203857,Female,West,38,42002.0,0,1,0.3794005171872741,Bronze,94,2021-04-22 14:17:11.203857,1685,332,7,37.94,5.42,17.07,1,2,Low Value
1313,4,189.63,2025-03-30 14:17:11.203857,Male,West,65,34880.0,0,1,0.5403118898809669,Bronze,105,2022-12-07 14:17:11.203857,1091,247,4,189.63,47.41,85.34,1,0,High Value
1314,8,55.68,2025-11-03 14:17:11.203857,Male,West,62,39827.0,0,2,0.4875633619197473,Bronze,92,2021-06-21 14:17:11.203857,1625,29,8,55.68,6.96,25.06,0,1,Medium Value
1315,5,106.12,2025-06-24 14:17:11.203857,Male,North,62,29901.0,0,1,0.3760273238555771,Bronze,113,2022-03-31 14:17:11.203857,1342,161,5,106.12,21.22,47.74,1,0,High Value
1316,5,57.72,2025-04-11 14:17:11.203857,Female,West,66,30391.0,1,1,0.28912708972587,Bronze,98,2024-04-30 14:17:11.203857,581,235,5,57.72,11.54,25.96,1,0,High Value
1317,5,141.07,2025-05-26 14:17:11.203857,Female,East,44,27704.0,0,0,0.14875560913812996,Bronze,106,2021-06-12 14:17:11.203857,1634,190,5,141.07,28.21,63.47,1,0,High Value
1318,2,90.9,2025-08-07 14:17:11.203857,Male,South,56,52650.0,0,1,0.19805232957360164,Silver,90,2023-09-12 14:17:11.203857,812,117,2,90.9,45.45,40.9,1,1,Medium Value
1319,3,226.73,2025-03-06 14:17:11.203857,Female,East,57,42578.0,0,0,0.2664746794510937,Gold,92,2024-01-19 14:17:11.203857,683,271,3,226.73,75.58,102.03,1,0,High Value
1320,4,92.55,2025-03-19 14:17:11.203857,Male,West,30,53778.0,0,1,0.2186777626608721,Silver,106,2022-03-15 14:17:11.203857,1358,258,4,92.55,23.14,41.65,1,2,Low Value
1321,9,120.4,2025-06-05 14:17:11.203857,Male,North,40,55381.0,0,0,0.15657302754865726,Silver,97,2020-12-08 14:17:11.203857,1820,180,9,120.4,13.38,54.19,1,0,High Value
1322,0,96.63,2025-06-13 14:17:11.203857,Female,West,33,33101.0,0,1,0.30298815340145807,Bronze,122,2021-01-05 14:17:11.203857,1792,172,0,96.63,96.63,0.0,1,0,High Value
1323,5,28.26,2025-03-03 14:17:11.203857,Female,South,47,53224.0,0,0,0.21361227008552397,Bronze,105,2024-10-27 14:17:11.203857,401,274,5,28.26,5.65,12.71,1,2,Low Value
1324,5,181.45,2025-03-18 14:17:11.203857,Female,East,21,39788.0,0,1,0.271908047903804,Bronze,89,2022-12-03 14:17:11.203857,1095,259,5,181.45,36.29,81.65,1,0,High Value
1325,5,106.6,2025-07-20 14:17:11.203857,Male,South,57,37620.0,0,1,0.2097924549088057,Silver,101,2021-03-08 14:17:11.203857,1730,135,5,106.6,21.32,47.97,1,0,High Value
1326,5,122.72,2025-06-14 14:17:11.203857,Male,South,33,58786.0,0,0,0.22490403470159068,Bronze,95,2022-02-26 14:17:11.203857,1375,171,5,122.72,24.54,55.21,1,0,High Value
1327,4,165.09,2025-05-06 14:17:11.203857,Female,South,48,48307.0,0,0,0.4530263131383872,Silver,92,2021-01-20 14:17:11.203857,1777,210,4,165.09,41.27,74.29,1,0,High Value
1328,9,169.94,2025-04-10 14:17:11.203857,Male,East,59,34714.0,0,1,0.28858456675256033,Bronze,122,2022-01-10 14:17:11.203857,1422,236,9,169.94,18.88,76.46,1,0,High Value
1329,6,30.97,2025-05-30 14:17:11.203857,Female,West,42,47332.0,0,0,0.2805315975677269,Bronze,88,2024-10-25 14:17:11.203857,403,186,6,30.97,5.16,13.93,1,0,High Value
1330,2,25.03,2024-12-03 14:17:11.203857,Male,South,61,21014.0,0,0,0.914731095060835,Bronze,107,2024-05-08 14:17:11.203857,573,364,2,25.03,12.52,11.27,1,2,Low Value
1331,6,40.81,2025-08-29 14:17:11.203857,Female,East,29,43710.0,0,1,0.5549531832325028,Bronze,87,2022-08-26 14:17:11.203857,1194,95,6,40.81,6.8,18.36,1,1,Medium Value
1332,6,25.85,2025-11-21 14:17:11.203857,Female,North,43,17506.0,0,1,0.3330821637749876,Bronze,85,2022-07-31 14:17:11.203857,1220,11,6,25.85,4.31,11.64,0,1,Medium Value
1333,6,56.61,2025-09-25 14:17:11.203857,Male,East,54,25234.0,0,1,0.36240477689039,Silver,105,2021-09-14 14:17:11.203857,1540,68,6,56.61,9.44,25.49,0,1,Medium Value
1334,5,28.81,2025-05-06 14:17:11.203857,Female,North,65,48770.0,1,1,0.1298895245919833,Silver,95,2022-06-18 14:17:11.203857,1263,210,5,28.81,5.76,12.96,1,0,High Value
1335,2,30.74,2025-05-20 14:17:11.203857,Female,East,50,-54.0,1,0,0.27410845663050026,Bronze,90,2021-02-13 14:17:11.203857,1753,196,2,30.74,15.37,13.83,1,0,High Value
1336,5,104.12,2025-08-26 14:17:11.203857,Male,West,45,67038.0,0,0,0.6175461536768047,Silver,126,2021-07-29 14:17:11.203857,1587,98,5,104.12,20.82,46.84,1,1,Medium Value
1337,3,15.78,2025-08-31 14:17:11.203857,Female,South,26,52517.0,0,1,0.4339095120371951,Bronze,109,2023-04-12 14:17:11.203857,965,93,3,15.78,5.26,7.1,1,1,Medium Value
1338,3,83.97,2025-11-10 14:17:11.203857,Male,West,29,12422.0,0,0,0.10786930453067106,Gold,102,2022-11-04 14:17:11.203857,1124,22,3,83.97,27.99,37.79,0,1,Medium Value
1339,3,148.71,2025-06-13 14:17:11.203857,Female,East,22,75977.0,0,0,0.5961653382523823,Bronze,108,2021-11-26 14:17:11.203857,1467,172,3,148.71,49.57,66.92,1,0,High Value
1340,6,147.88,2025-07-21 14:17:11.203857,Male,South,69,80112.0,0,1,0.5026943154026365,Silver,97,2023-09-26 14:17:11.203857,798,134,6,147.88,24.65,66.55,1,0,High Value
1341,6,125.48,2025-11-07 14:17:11.203857,Female,North,45,37293.0,0,1,0.46611337466407016,Bronze,101,2022-08-14 14:17:11.203857,1206,25,6,125.48,20.91,56.46,0,1,Medium Value
1342,4,137.09,2025-05-31 14:17:11.203857,Female,East,52,26103.0,1,3,0.2752518209845499,Bronze,84,2024-11-01 14:17:11.203857,396,185,4,137.09,34.27,61.69,1,0,High Value
1343,5,131.45,2025-09-08 14:17:11.203857,Female,South,22,65295.0,0,1,0.27871789908585154,Bronze,105,2021-11-18 14:17:11.203857,1475,85,5,131.45,26.29,59.15,0,1,Medium Value
1344,5,30.01,2025-10-08 14:17:11.203857,Female,North,51,34843.0,0,0,0.2709747328662494,Bronze,100,2023-11-06 14:17:11.203857,757,55,5,30.01,6.0,13.5,0,1,Medium Value
1345,7,67.08,2025-03-26 14:17:11.203857,Male,North,63,42416.0,0,0,0.10615251410507774,Bronze,85,2021-06-14 14:17:11.203857,1632,251,7,67.08,9.58,30.18,1,2,Low Value
1346,5,127.85,2025-07-11 14:17:11.203857,Male,West,51,58259.0,0,0,0.3648685019718037,Bronze,93,2021-06-26 14:17:11.203857,1620,144,5,127.85,25.57,57.53,1,0,High Value
1347,3,54.93,2024-12-16 14:17:11.203857,Male,East,30,37697.0,1,1,0.12970078901474705,Gold,108,2022-06-07 14:17:11.203857,1274,351,3,54.93,18.31,24.72,1,2,Low Value
1348,4,55.4,2025-06-18 14:17:11.203857,Male,North,56,36384.0,0,1,0.5224256327698789,Silver,102,2024-05-25 14:17:11.203857,556,167,4,55.4,13.85,24.93,1,0,High Value
1349,7,99.03,2025-04-22 14:17:11.203857,Male,South,59,20914.0,0,1,0.25734393715073367,Silver,99,2024-03-08 14:17:11.203857,634,224,7,99.03,14.15,44.57,1,2,Low Value
1350,5,249.98,2025-04-26 14:17:11.203857,Male,North,62,30542.0,0,0,0.19417958647313543,Silver,105,2022-11-26 14:17:11.203857,1102,220,5,249.98,50.0,112.5,1,0,High Value
1351,7,144.53,2025-06-06 14:17:11.203857,Male,North,65,36088.0,1,1,0.40505844040266353,Gold,110,2024-09-17 14:17:11.203857,441,179,7,144.53,20.65,65.05,1,0,High Value
1352,8,16.3,2025-08-05 14:17:11.203857,Female,West,31,21422.0,0,0,0.26810004040600516,Bronze,90,2022-11-29 14:17:11.203857,1099,119,8,16.3,2.04,7.34,1,1,Medium Value
1353,7,91.52,2025-03-12 14:17:11.203857,Female,West,28,22781.0,0,0,0.20245814273221424,Bronze,112,2022-07-03 14:17:11.203857,1248,265,7,91.52,13.07,41.17,1,2,Low Value
1354,5,33.71,2025-07-05 14:17:11.203857,Female,South,59,40504.0,0,0,0.03316260788629207,Silver,107,2021-08-30 14:17:11.203857,1555,150,5,33.71,6.74,15.17,1,1,Medium Value
1355,8,151.33,2025-05-01 14:17:11.203857,Female,West,55,12254.0,0,1,0.2681665971572814,Silver,111,2024-02-23 14:17:11.203857,648,215,8,151.33,18.92,68.11,1,0,High Value
1356,4,193.03,2025-05-19 14:17:11.203857,Male,North,21,26813.0,0,0,0.14532707297743885,Bronze,126,2021-11-16 14:17:11.203857,1477,197,4,193.03,48.26,86.87,1,0,High Value
1357,6,277.34,2025-10-21 14:17:11.203857,Male,North,50,69169.0,2,0,0.20855762289116558,Bronze,98,2023-06-08 14:17:11.203857,908,42,6,277.34,46.22,124.79,0,1,Medium Value
1358,8,147.31,2025-10-10 14:17:11.203857,Male,West,24,34818.0,0,0,0.16638214465704967,Bronze,97,2023-02-23 14:17:11.203857,1013,53,8,147.31,18.41,66.28,0,1,Medium Value
1359,6,117.24,2025-01-06 14:17:11.203857,Female,North,58,32939.0,1,0,0.13317154406937803,Gold,103,2021-09-10 14:17:11.203857,1544,330,6,117.24,19.54,52.76,1,2,Low Value
1360,3,120.48,2025-03-26 14:17:11.203857,Male,North,25,34751.0,0,0,0.3995723093604895,Bronze,104,2024-03-28 14:17:11.203857,614,251,3,120.48,40.16,54.22,1,2,Low Value
1361,8,33.03,2025-02-10 14:17:11.203857,Female,South,54,34988.0,0,0,0.5717579519248771,Gold,107,2024-08-30 14:17:11.203857,459,295,8,33.03,4.13,14.87,1,2,Low Value
1362,4,77.22,2025-03-06 14:17:11.203857,Male,West,68,48623.0,0,1,0.3662985019323182,Gold,89,2024-11-16 14:17:11.203857,381,271,4,77.22,19.3,34.74,1,2,Low Value
1363,7,93.32,2025-08-01 14:17:11.203857,Male,North,27,47573.0,0,0,0.545586420160234,Silver,112,2024-08-08 14:17:11.203857,481,123,7,93.32,13.33,41.99,1,1,Medium Value
1364,2,46.72,2024-12-28 14:17:11.203857,Male,West,60,34139.0,0,0,0.48238553644427334,Bronze,101,2022-03-26 14:17:11.203857,1347,339,2,46.72,23.36,21.02,1,2,Low Value
1365,10,113.76,2025-03-11 14:17:11.203857,Male,South,32,36792.0,0,0,0.048536846868860485,Bronze,100,2024-01-05 14:17:11.203857,697,266,10,113.76,11.38,51.21,1,2,Low Value
1366,6,302.73,2024-12-19 14:17:11.203857,Female,West,55,59692.0,0,1,0.3076810400032617,Bronze,105,2021-11-25 14:17:11.203857,1468,348,6,302.73,50.46,136.24,1,0,High Value
1367,4,126.85,2025-11-03 14:17:11.203857,Female,North,32,17345.0,1,0,0.07212552763827323,Bronze,109,2023-02-26 14:17:11.203857,1010,29,4,126.85,31.71,57.08,0,1,Medium Value
1368,5,79.15,2025-10-28 14:17:11.203857,Male,West,22,39136.0,0,0,0.481556653996453,Silver,94,2020-12-08 14:17:11.203857,1820,35,5,79.15,15.83,35.62,0,1,Medium Value
1369,6,115.94,2025-11-26 14:17:11.203857,Female,North,46,42029.0,0,1,0.30532566961615953,Bronze,104,2021-07-25 14:17:11.203857,1591,6,6,115.94,19.32,52.16,0,1,Medium Value
1370,4,91.98,2025-08-13 14:17:11.203857,Male,North,36,28350.0,0,1,0.7613139689709941,Bronze,88,2024-08-09 14:17:11.203857,480,111,4,91.98,23.0,41.4,1,1,Medium Value
1371,5,65.34,2025-02-11 14:17:11.203857,Male,North,68,38273.0,0,2,0.10413067336327428,Bronze,98,2022-04-15 14:17:11.203857,1327,294,5,65.34,13.07,29.41,1,2,Low Value
1372,6,21.26,2025-09-16 14:17:11.203857,Male,South,27,26325.0,0,0,0.359359835913852,Gold,94,2021-07-08 14:17:11.203857,1608,77,6,21.26,3.54,9.56,0,1,Medium Value
1373,3,133.01,2024-12-18 14:17:11.203857,Male,West,29,49558.0,0,0,0.3086979141188129,Bronze,103,2021-06-05 14:17:11.203857,1641,349,3,133.01,44.34,59.86,1,2,Low Value
1374,7,114.25,2025-07-08 14:17:11.203857,Female,South,21,19927.0,1,0,0.5952294367715525,Gold,80,2021-08-28 14:17:11.203857,1557,147,7,114.25,16.32,51.41,1,0,High Value
1375,7,114.56,2025-09-26 14:17:11.203857,Male,West,48,55935.0,0,0,0.2276826400398047,Bronze,104,2022-08-09 14:17:11.203857,1211,67,7,114.56,16.37,51.57,0,1,Medium Value
1376,8,182.18,2025-11-24 14:17:11.203857,Male,South,35,38900.0,0,0,0.4743976671403131,Bronze,97,2024-01-22 14:17:11.203857,680,8,8,182.18,22.77,81.97,0,1,Medium Value
1377,4,54.14,2025-08-02 14:17:11.203857,Female,East,33,33279.0,0,0,0.3637356274583792,Bronze,118,2022-09-15 14:17:11.203857,1174,122,4,54.14,13.54,24.37,1,1,Medium Value
1378,7,79.0,2024-12-27 14:17:11.203857,Male,North,57,24930.0,0,0,0.46947336889965186,Bronze,91,2023-11-27 14:17:11.203857,736,340,7,79.0,11.29,35.56,1,2,Low Value
1379,3,39.57,2025-06-10 14:17:11.203857,Female,North,53,55460.0,1,0,0.2209519795452462,Silver,102,2022-11-04 14:17:11.203857,1124,175,3,39.57,13.19,17.81,1,0,High Value
1380,4,52.37,2025-06-06 14:17:11.203857,Male,South,42,30222.0,0,0,0.36598422843914774,Bronze,130,2022-07-10 14:17:11.203857,1241,179,4,52.37,13.09,23.56,1,0,High Value
1381,4,24.4,2025-09-08 14:17:11.203857,Male,East,40,22491.0,1,0,0.16161388585159617,Bronze,103,2022-04-01 14:17:11.203857,1341,85,4,24.4,6.1,10.98,0,1,Medium Value
1382,0,41.94,2025-10-18 14:17:11.203857,Male,North,29,55772.0,1,1,0.16585023924204895,Silver,99,2024-06-30 14:17:11.203857,520,45,0,41.94,41.94,0.0,0,1,Medium Value
1383,1,106.96,2025-07-19 14:17:11.203857,Male,West,51,26435.0,0,1,0.32542195093162773,Silver,92,2023-03-30 14:17:11.203857,978,136,1,106.96,106.96,48.13,1,0,High Value
1384,1,284.26,2024-12-24 14:17:11.203857,Male,South,53,38583.0,0,0,0.559183889608541,Silver,96,2022-01-31 14:17:11.203857,1401,343,1,284.26,284.26,127.92,1,0,High Value
1385,7,29.05,2025-11-16 14:17:11.203857,Male,North,54,52282.0,0,0,0.4154739051294847,Bronze,93,2023-07-14 14:17:11.203857,872,16,7,29.05,4.15,13.07,0,1,Medium Value
1386,5,64.75,2025-01-03 14:17:11.203857,Female,North,20,42369.0,0,0,0.35565555874392357,Bronze,90,2023-08-26 14:17:11.203857,829,333,5,64.75,12.95,29.14,1,2,Low Value
1387,5,251.43,2025-05-21 14:17:11.203857,Male,South,26,65963.0,0,1,0.1241056419291929,Gold,89,2022-10-12 14:17:11.203857,1147,195,5,251.43,50.29,113.15,1,0,High Value
1388,8,119.88,2025-11-23 14:17:11.203857,Female,South,35,27476.0,0,0,0.6467719251255346,Silver,111,2022-09-21 14:17:11.203857,1168,9,8,119.88,14.98,53.93,0,1,Medium Value
1389,3,101.76,2025-01-20 14:17:11.203857,Female,West,60,36842.0,1,1,0.3031020178365055,Gold,97,2024-04-27 14:17:11.203857,584,316,3,101.76,33.92,45.79,1,2,Low Value
1390,5,37.43,2025-01-02 14:17:11.203857,Male,West,52,38002.0,1,2,0.06719336968110301,Bronze,96,2024-11-18 14:17:11.203857,379,334,5,37.43,7.49,16.85,1,2,Low Value
1391,3,70.13,2025-01-03 14:17:11.203857,Female,North,51,49319.0,0,0,0.04218428438593778,Silver,116,2024-08-08 14:17:11.203857,481,333,3,70.13,23.38,31.56,1,2,Low Value
1392,5,48.91,2025-01-09 14:17:11.203857,Male,North,58,59329.0,0,0,0.3664640990893695,Silver,107,2024-01-07 14:17:11.203857,695,327,5,48.91,9.78,22.0,1,2,Low Value
1393,1,112.17,2025-11-17 14:17:11.203857,Female,South,31,41104.0,0,1,0.23038405332759132,Bronze,97,2024-10-08 14:17:11.203857,420,15,1,112.17,112.17,50.48,0,1,Medium Value
1394,7,114.1,2025-01-09 14:17:11.203857,Male,North,21,37935.0,1,2,0.04543018775384022,Silver,114,2021-02-27 14:17:11.203857,1739,327,7,114.1,16.3,51.35,1,2,Low Value
1395,2,56.77,2025-08-22 14:17:11.203857,Female,North,46,17755.0,0,0,0.3650645727750628,Silver,106,2021-10-04 14:17:11.203857,1520,102,2,56.77,28.38,25.54,1,1,Medium Value
1396,4,66.05,2025-04-20 14:17:11.203857,Female,South,58,41686.0,0,1,0.3598433238897597,Bronze,108,2021-07-02 14:17:11.203857,1614,226,4,66.05,16.51,29.72,1,0,High Value
1397,6,182.59,2025-02-27 14:17:11.203857,Male,North,62,30245.0,0,1,0.4626966257081981,Bronze,94,2024-01-30 14:17:11.203857,672,278,6,182.59,30.43,82.16,1,0,High Value
1398,7,197.03,2025-08-11 14:17:11.203857,Female,North,67,49277.0,0,0,0.24025731227394573,Silver,87,2024-04-25 14:17:11.203857,586,113,7,197.03,28.15,88.67,1,0,High Value
1399,9,61.29,2025-12-01 14:17:11.203857,Male,East,32,33855.0,0,0,0.1859411998119357,Bronze,92,2021-08-24 14:17:11.203857,1561,1,9,61.29,6.81,27.58,0,1,Medium Value
1400,4,62.74,2025-03-11 14:17:11.203857,Male,West,45,36390.0,0,1,0.299612419708945,Bronze,81,2021-03-10 14:17:11.203857,1728,266,4,62.74,15.68,28.22,1,2,Low Value
1401,1,27.4,2025-05-08 14:17:11.203857,Male,South,59,18096.0,0,1,0.25383173712001994,Bronze,89,2022-09-28 14:17:11.203857,1161,208,1,27.4,27.4,12.33,1,0,High Value
1402,4,65.86,2025-08-14 14:17:11.203857,Male,East,33,12828.0,0,1,0.37117164413966264,Bronze,111,2021-09-09 14:17:11.203857,1545,110,4,65.86,16.46,29.63,1,1,Medium Value
1403,6,84.26,2025-05-16 14:17:11.203857,Male,West,29,67915.0,0,0,0.2654095555491634,Gold,108,2024-07-05 14:17:11.203857,515,200,6,84.26,14.04,37.91,1,0,High Value
1404,3,108.3,2025-01-30 14:17:11.203857,Female,West,69,41945.0,0,1,0.747928041590222,Bronze,114,2021-08-19 14:17:11.203857,1566,306,3,108.3,36.1,48.74,1,2,Low Value
1405,4,67.88,2025-11-20 14:17:11.203857,Female,West,22,46065.0,1,0,0.2830280326849767,Bronze,117,2024-08-13 14:17:11.203857,476,12,4,67.88,16.97,30.55,0,1,Medium Value
1406,2,206.79,2024-12-22 14:17:11.203857,Female,East,51,26316.0,0,0,0.19813203218236844,Gold,100,2023-01-20 14:17:11.203857,1047,345,2,206.79,103.4,93.06,1,0,High Value
1407,6,213.85,2025-05-28 14:17:11.203857,Male,East,59,53133.0,0,2,0.20952727237695373,Bronze,101,2021-09-28 14:17:11.203857,1526,188,6,213.85,35.64,96.23,1,0,High Value
1408,8,289.07,2025-07-01 14:17:11.203857,Female,West,18,50427.0,0,0,0.2721690538117863,Bronze,113,2021-06-25 14:17:11.203857,1621,154,8,289.07,36.13,130.07,1,0,High Value
1409,7,108.1,2025-01-02 14:17:11.203857,Female,North,56,27964.0,1,1,0.35424408985630634,Silver,92,2024-01-06 14:17:11.203857,696,334,7,108.1,15.44,48.64,1,2,Low Value
1410,2,65.51,2025-02-26 14:17:11.203857,Female,North,49,24107.0,0,1,0.4834636560786331,Bronze,97,2022-06-24 14:17:11.203857,1257,279,2,65.51,32.76,29.48,1,2,Low Value
1411,6,102.3,2025-06-14 14:17:11.203857,Female,East,43,29012.0,0,2,0.29971813754614884,Bronze,112,2021-04-12 14:17:11.203857,1695,171,6,102.3,17.05,46.04,1,0,High Value
1412,9,69.23,2025-07-21 14:17:11.203857,Female,East,34,39576.0,0,1,0.5101828213699066,Silver,90,2024-06-25 14:17:11.203857,525,134,9,69.23,7.69,31.14,1,1,Medium Value
1413,3,183.38,2025-11-07 14:17:11.203857,Male,East,65,42507.0,0,0,0.1975365848084326,Silver,78,2021-01-07 14:17:11.203857,1790,25,3,183.38,61.13,82.53,0,1,Medium Value
1414,8,133.14,2025-11-14 14:17:11.203857,Male,West,44,40576.0,0,0,0.3975722287054609,Silver,82,2024-02-29 14:17:11.203857,642,18,8,133.14,16.64,59.9,0,1,Medium Value
1415,7,56.37,2025-05-26 14:17:11.203857,Female,North,41,59481.0,0,1,0.38836678907220934,Gold,99,2021-03-30 14:17:11.203857,1708,190,7,56.37,8.05,25.36,1,0,High Value
1416,6,134.76,2025-07-14 14:17:11.203857,Male,East,52,29276.0,0,1,0.18052046989861853,Silver,106,2022-06-20 14:17:11.203857,1261,141,6,134.76,22.46,60.64,1,0,High Value
1417,10,13.44,2025-10-20 14:17:11.203857,Male,East,63,23700.0,0,0,0.23086434654639013,Silver,90,2023-07-25 14:17:11.203857,861,43,10,13.44,1.34,6.03,0,1,Medium Value
1418,5,223.45,2025-01-02 14:17:11.203857,Female,South,59,40001.0,0,0,0.29973609107221116,Silver,98,2021-02-15 14:17:11.203857,1751,334,5,223.45,44.69,100.55,1,0,High Value
1419,5,46.16,2025-02-21 14:17:11.203857,Female,West,56,14604.0,0,1,0.7692765395250739,Bronze,84,2021-02-06 14:17:11.203857,1760,284,5,46.16,9.23,20.77,1,2,Low Value
1420,5,203.99,2025-07-09 14:17:11.203857,Male,South,43,50436.0,0,0,0.3970278081088627,Bronze,104,2023-02-17 14:17:11.203857,1019,146,5,203.99,40.8,91.8,1,0,High Value
1421,5,56.31,2025-01-21 14:17:11.203857,Female,North,66,41469.0,0,1,0.28558523526535473,Silver,114,2022-01-08 14:17:11.203857,1424,315,5,56.31,11.26,25.33,1,2,Low Value
1422,4,88.16,2025-01-17 14:17:11.203857,Male,South,55,34929.0,0,0,0.3790849096738083,Bronze,99,2024-02-04 14:17:11.203857,667,319,4,88.16,22.04,39.67,1,2,Low Value
1423,10,63.45,2025-09-01 14:17:11.203857,Male,South,40,34097.0,0,0,0.18828433034430517,Bronze,100,2023-09-22 14:17:11.203857,802,92,10,63.45,6.35,28.58,1,1,Medium Value
1424,3,115.36,2025-06-06 14:17:11.203857,Female,South,39,53650.0,0,1,0.5137712875460176,Bronze,89,2022-12-08 14:17:11.203857,1090,179,3,115.36,38.45,51.91,1,0,High Value
1425,2,28.9,2025-10-07 14:17:11.203857,Male,West,21,53172.0,2,1,0.3399831407242811,Bronze,108,2022-01-12 14:17:11.203857,1420,56,2,28.9,14.45,13.0,0,1,Medium Value
1426,6,6.15,2025-06-30 14:17:11.203857,Male,North,66,36304.0,0,1,0.35747672998297353,Bronze,113,2024-05-31 14:17:11.203857,550,155,6,6.15,1.03,2.78,1,1,Medium Value
1427,4,194.14,2025-06-25 14:17:11.203857,Male,South,26,48877.0,0,0,0.5398190804942322,Silver,103,2021-08-23 14:17:11.203857,1562,160,4,194.14,48.54,87.37,1,0,High Value
1428,4,222.02,2025-08-13 14:17:11.203857,Female,West,21,52951.0,0,1,0.4058362278591477,Gold,98,2023-01-30 14:17:11.203857,1037,111,4,222.02,55.5,99.9,1,1,Medium Value
1429,8,56.23,2025-07-18 14:17:11.203857,Female,North,24,45033.0,0,0,0.24840332291245965,Silver,96,2021-06-08 14:17:11.203857,1638,137,8,56.23,7.03,25.31,1,1,Medium Value
1430,5,40.0,2025-04-14 14:17:11.203857,Female,East,40,36918.0,0,1,0.3474867146874599,Silver,92,2022-03-08 14:17:11.203857,1365,232,5,40.0,8.0,18.0,1,0,High Value
1431,4,69.65,2025-04-26 14:17:11.203857,Female,South,19,45718.0,1,2,0.2057025040163312,Bronze,107,2024-02-28 14:17:11.203857,643,220,4,69.65,17.41,31.34,1,0,High Value
1432,7,29.52,2025-09-25 14:17:11.203857,Male,North,66,24414.0,0,1,0.3308441803218013,Bronze,104,2023-01-20 14:17:11.203857,1047,68,7,29.52,4.22,13.29,0,1,Medium Value
1433,4,107.6,2025-02-03 14:17:11.203857,Female,South,41,41067.0,0,0,0.08445630195402576,Bronze,83,2022-02-11 14:17:11.203857,1390,302,4,107.6,26.9,48.42,1,2,Low Value
1434,2,61.47,2025-03-28 14:17:11.203857,Female,East,57,36503.0,0,2,0.12959947109699685,Silver,91,2021-08-03 14:17:11.203857,1582,249,2,61.47,30.74,27.67,1,2,Low Value
1435,2,54.69,2025-01-13 14:17:11.203857,Female,North,48,34152.0,0,0,0.48114289843188424,Bronze,96,2021-08-31 14:17:11.203857,1554,323,2,54.69,27.34,24.61,1,2,Low Value
1436,3,50.58,2025-11-26 14:17:11.203857,Female,West,64,14102.0,0,0,0.21764804591503623,Bronze,127,2022-02-26 14:17:11.203857,1375,6,3,50.58,16.86,22.76,0,1,Medium Value
1437,3,76.66,2025-02-25 14:17:11.203857,Male,North,48,24586.0,0,1,0.15251263581728794,Silver,109,2022-05-23 14:17:11.203857,1289,280,3,76.66,25.55,34.49,1,2,Low Value
1438,8,62.25,2025-08-30 14:17:11.203857,Male,West,64,32712.0,0,0,0.1902423665382539,Bronze,101,2021-10-26 14:17:11.203857,1498,94,8,62.25,7.78,28.01,1,1,Medium Value
1439,6,78.18,2025-03-08 14:17:11.203857,Male,North,57,53426.0,0,0,0.29714058402477445,Gold,91,2023-11-19 14:17:11.203857,744,269,6,78.18,13.03,35.18,1,2,Low Value
1440,0,46.84,2025-05-19 14:17:11.203857,Female,West,65,44287.0,0,0,0.45485446721716166,Silver,88,2022-08-21 14:17:11.203857,1199,197,0,46.84,46.84,0.0,1,0,High Value
1441,8,166.45,2025-11-07 14:17:11.203857,Female,East,68,54095.0,0,0,0.2402232044435394,Bronze,100,2022-03-10 14:17:11.203857,1363,25,8,166.45,20.81,74.92,0,1,Medium Value
1442,5,107.6,2025-07-07 14:17:11.203857,Male,East,60,58644.0,0,0,0.39184582283911185,Bronze,98,2024-02-22 14:17:11.203857,649,148,5,107.6,21.52,48.42,1,0,High Value
1443,4,78.62,2025-08-06 14:17:11.203857,Female,East,51,44940.0,0,0,0.031915306198905986,Silver,108,2023-10-09 14:17:11.203857,785,118,4,78.62,19.66,35.39,1,1,Medium Value
1444,5,33.33,2024-12-29 14:17:11.203857,Female,North,41,42104.0,1,0,0.302738251220123,Bronze,108,2024-08-12 14:17:11.203857,477,338,5,33.33,6.67,15.01,1,2,Low Value
1445,7,159.37,2024-12-29 14:17:11.203857,Male,East,66,25405.0,2,1,0.1236549160197505,Bronze,107,2022-02-19 14:17:11.203857,1382,338,7,159.37,22.77,71.73,1,2,Low Value
1446,6,48.91,2025-09-27 14:17:11.203857,Male,South,43,69800.0,0,1,0.4226707801112297,Bronze,99,2024-04-19 14:17:11.203857,592,66,6,48.91,8.15,22.01,0,1,Medium Value
1447,3,87.93,2025-02-04 14:17:11.203857,Female,East,33,18732.0,1,2,0.10136478182027914,Gold,101,2023-06-24 14:17:11.203857,892,301,3,87.93,29.31,39.57,1,2,Low Value
1448,4,50.72,2025-06-10 14:17:11.203857,Female,West,64,41781.0,0,0,0.3864387866815538,Bronze,103,2023-07-26 14:17:11.203857,860,175,4,50.72,12.68,22.82,1,0,High Value
1449,2,133.17,2025-01-17 14:17:11.203857,Female,West,30,52492.0,1,0,0.13304034882685223,Gold,82,2024-11-02 14:17:11.203857,395,319,2,133.17,66.58,59.92,1,2,Low Value
1450,4,49.83,2025-09-17 14:17:11.203857,Male,West,32,52701.0,0,0,0.23679160528958954,Silver,96,2024-06-24 14:17:11.203857,526,76,4,49.83,12.46,22.43,0,1,Medium Value
1451,1,135.15,2025-08-10 14:17:11.203857,Male,North,44,22674.0,0,1,0.18796087201544182,Bronze,94,2022-12-29 14:17:11.203857,1069,114,1,135.15,135.15,60.82,1,1,Medium Value
1452,9,42.65,2025-08-13 14:17:11.203857,Male,South,21,33701.0,0,1,0.4079265476640359,Silver,104,2022-12-12 14:17:11.203857,1086,111,9,42.65,4.74,19.2,1,1,Medium Value
1453,3,10.49,2025-03-28 14:17:11.203857,Male,East,33,28016.0,0,1,0.5760730284523303,Bronze,115,2021-01-31 14:17:11.203857,1766,249,3,10.49,3.5,4.72,1,2,Low Value
1454,1,46.89,2025-05-13 14:17:11.203857,Female,South,47,10293.0,0,0,0.07473781749629518,Bronze,99,2023-09-14 14:17:11.203857,810,203,1,46.89,46.89,21.1,1,0,High Value
1455,5,100.69,2025-07-08 14:17:11.203857,Male,South,61,41955.0,0,0,0.029111793262820856,Silver,123,2022-11-20 14:17:11.203857,1108,147,5,100.69,20.14,45.32,1,0,High Value
1456,4,27.83,2025-10-28 14:17:11.203857,Male,West,47,29236.0,0,1,0.16077105065068925,Silver,89,2023-10-03 14:17:11.203857,791,35,4,27.83,6.96,12.53,0,1,Medium Value
1457,6,72.72,2025-01-27 14:17:11.203857,Female,West,53,62582.0,0,3,0.06645702537279712,Bronze,97,2023-07-18 14:17:11.203857,868,309,6,72.72,12.12,32.72,1,2,Low Value
1458,5,72.85,2025-11-06 14:17:11.203857,Female,West,20,49228.0,0,2,0.15425090371735242,Gold,122,2022-12-13 14:17:11.203857,1085,26,5,72.85,14.57,32.78,0,1,Medium Value
1459,8,248.03,2025-04-08 14:17:11.203857,Female,North,39,40621.0,0,0,0.12080793240250857,Silver,124,2023-01-19 14:17:11.203857,1048,238,8,248.03,31.0,111.6,1,0,High Value
1460,5,39.04,2025-11-18 14:17:11.203857,Male,South,66,32910.0,0,0,0.23369990272113011,Gold,104,2023-05-01 14:17:11.203857,946,14,5,39.04,7.81,17.57,0,1,Medium Value
1461,7,231.03,2025-10-18 14:17:11.203857,Female,South,39,41727.0,0,0,0.1355225177841153,Bronze,114,2022-01-10 14:17:11.203857,1422,45,7,231.03,33.0,103.95,0,1,Medium Value
1462,4,39.25,2025-04-30 14:17:11.203857,Female,North,67,36162.0,0,0,0.3713419657813596,Gold,104,2022-11-28 14:17:11.203857,1100,216,4,39.25,9.81,17.66,1,0,High Value
1463,1,121.89,2025-04-13 14:17:11.203857,Male,North,67,41043.0,1,1,0.6834163111932534,Bronze,100,2023-01-12 14:17:11.203857,1055,233,1,121.89,121.89,54.85,1,2,Low Value
1464,5,64.03,2025-05-23 14:17:11.203857,Male,North,66,68525.0,0,0,0.25141933004903466,Bronze,113,2022-11-06 14:17:11.203857,1122,193,5,64.03,12.81,28.82,1,0,High Value
1465,4,56.57,2025-10-12 14:17:11.203857,Female,South,29,24029.0,0,1,0.2536632943373386,Silver,96,2022-11-10 14:17:11.203857,1118,51,4,56.57,14.14,25.45,0,1,Medium Value
1466,3,20.96,2025-05-02 14:17:11.203857,Male,South,38,37470.0,1,1,0.44136901924386274,Silver,92,2020-12-17 14:17:11.203857,1811,214,3,20.96,6.99,9.44,1,0,High Value
1467,2,121.32,2025-07-04 14:17:11.203857,Female,West,21,50596.0,0,0,0.5060687286081492,Bronze,96,2024-11-09 14:17:11.203857,388,151,2,121.32,60.66,54.59,1,0,High Value
1468,12,163.24,2025-03-02 14:17:11.203857,Female,West,48,33998.0,0,0,0.014698148258959504,Bronze,86,2021-07-12 14:17:11.203857,1604,275,12,163.24,13.6,73.44,1,0,High Value
1469,5,118.46,2024-12-29 14:17:11.203857,Male,South,61,63708.0,0,0,0.2343152968723228,Bronze,90,2024-10-09 14:17:11.203857,419,338,5,118.46,23.69,53.3,1,2,Low Value
1470,10,46.0,2025-09-17 14:17:11.203857,Female,West,48,50177.0,0,0,0.21739552226785552,Silver,103,2022-01-18 14:17:11.203857,1414,76,10,46.0,4.6,20.7,0,1,Medium Value
1471,6,61.31,2025-04-26 14:17:11.203857,Male,North,40,29217.0,0,1,0.238177307327013,Bronze,88,2021-05-08 14:17:11.203857,1669,220,6,61.31,10.22,27.59,1,0,High Value
1472,1,70.71,2024-12-19 14:17:11.203857,Male,East,37,43061.0,0,1,0.5025682098793453,Bronze,109,2022-09-21 14:17:11.203857,1168,348,1,70.71,70.71,31.82,1,2,Low Value
1473,6,128.82,2025-05-29 14:17:11.203857,Male,West,32,29431.0,1,0,0.23472103302456798,Bronze,89,2024-01-11 14:17:11.203857,691,187,6,128.82,21.47,57.97,1,0,High Value
1474,2,178.06,2025-02-16 14:17:11.203857,Female,South,40,28050.0,0,1,0.18638501240057256,Gold,98,2022-04-08 14:17:11.203857,1334,289,2,178.06,89.03,80.13,1,0,High Value
1475,4,66.52,2025-11-04 14:17:11.203857,Male,West,45,37897.0,0,2,0.5465908761912059,Silver,103,2024-05-31 14:17:11.203857,550,28,4,66.52,16.63,29.93,0,1,Medium Value
1476,5,12.3,2025-06-05 14:17:11.203857,Male,West,33,58956.0,1,0,0.36609838844488657,Silver,108,2023-07-27 14:17:11.203857,859,180,5,12.3,2.46,5.54,1,0,High Value
1477,8,12.12,2025-03-24 14:17:11.203857,Female,West,54,51182.0,2,0,0.2846388596386403,Gold,125,2022-02-01 14:17:11.203857,1400,253,8,12.12,1.52,5.47,1,2,Low Value
1478,4,42.26,2025-07-29 14:17:11.203857,Female,East,38,39661.0,0,1,0.3738807572061441,Bronze,102,2023-09-26 14:17:11.203857,798,126,4,42.26,10.56,19.01,1,1,Medium Value
1479,2,158.74,2025-06-08 14:17:11.203857,Female,North,32,51718.0,0,0,0.060063116693945935,Bronze,95,2024-05-09 14:17:11.203857,572,177,2,158.74,79.37,71.43,1,0,High Value
1480,1,123.51,2025-10-26 14:17:11.203857,Female,South,34,44029.0,0,0,0.13333090891023364,Bronze,91,2024-07-23 14:17:11.203857,497,37,1,123.51,123.51,55.58,0,1,Medium Value
1481,8,133.91,2025-08-25 14:17:11.203857,Male,East,67,22452.0,0,0,0.08589618130294228,Silver,104,2021-03-11 14:17:11.203857,1727,99,8,133.91,16.74,60.26,1,1,Medium Value
1482,8,44.78,2025-08-26 14:17:11.203857,Male,South,54,37823.0,0,0,0.519480905566335,Bronze,104,2021-08-01 14:17:11.203857,1584,98,8,44.78,5.6,20.16,1,1,Medium Value
1483,4,57.37,2025-07-28 14:17:11.203857,Male,South,30,38903.0,1,0,0.13750135753569392,Bronze,95,2021-05-27 14:17:11.203857,1650,127,4,57.37,14.34,25.81,1,1,Medium Value
1484,1,155.46,2025-06-17 14:17:11.203857,Female,South,36,51425.0,1,0,0.26987255089157247,Bronze,103,2021-05-07 14:17:11.203857,1670,168,1,155.46,155.46,69.96,1,0,High Value
1485,9,238.17,2025-09-13 14:17:11.203857,Female,East,47,31503.0,0,2,0.17232571373110117,Bronze,93,2023-11-30 14:17:11.203857,733,80,9,238.17,26.46,107.16,0,1,Medium Value
1486,4,157.68,2025-02-11 14:17:11.203857,Male,North,62,26310.0,1,0,0.11227804922879973,Bronze,89,2021-11-02 14:17:11.203857,1491,294,4,157.68,39.42,70.96,1,2,Low Value
1487,2,157.74,2025-01-03 14:17:11.203857,Female,South,35,39317.0,0,0,0.5816771552806408,Gold,90,2021-08-14 14:17:11.203857,1571,333,2,157.74,78.87,70.98,1,2,Low Value
1488,4,43.03,2025-07-29 14:17:11.203857,Female,North,31,30319.0,0,4,0.35641423079648227,Silver,102,2023-10-07 14:17:11.203857,787,126,4,43.03,10.76,19.37,1,1,Medium Value
1489,3,129.98,2024-12-24 14:17:11.203857,Male,North,53,35147.0,0,1,0.6680549621593945,Gold,95,2022-02-04 14:17:11.203857,1397,343,3,129.98,43.33,58.5,1,2,Low Value
1490,8,23.97,2025-01-26 14:17:11.203857,Male,West,53,38787.0,0,0,0.23666062570881263,Gold,101,2024-04-03 14:17:11.203857,608,310,8,23.97,3.0,10.8,1,2,Low Value
1491,9,173.54,2025-07-05 14:17:11.203857,Female,East,37,34254.0,0,1,0.1615337627620951,Bronze,106,2022-10-13 14:17:11.203857,1146,150,9,173.54,19.28,78.08,1,0,High Value
1492,4,106.15,2025-11-16 14:17:11.203857,Female,East,69,54448.0,0,0,0.4673215625333898,Bronze,111,2023-03-20 14:17:11.203857,988,16,4,106.15,26.54,47.77,0,1,Medium Value
1493,4,66.19,2025-11-04 14:17:11.203857,Female,West,36,61214.0,1,0,0.06420902356748515,Silver,80,2023-05-16 14:17:11.203857,931,28,4,66.19,16.55,29.79,0,1,Medium Value
1494,5,7.8,2025-06-12 14:17:11.203857,Male,West,62,52944.0,1,0,0.3451192306716273,Silver,90,2021-01-16 14:17:11.203857,1781,173,5,7.8,1.56,3.51,1,0,High Value
1495,11,64.51,2025-10-17 14:17:11.203857,Male,North,61,13432.0,0,1,0.4316636812036081,Bronze,107,2023-06-25 14:17:11.203857,891,46,11,64.51,5.86,29.01,0,1,Medium Value
1496,8,81.88,2025-01-08 14:17:11.203857,Male,South,24,30370.0,0,0,0.5666160298030876,Gold,94,2024-10-27 14:17:11.203857,401,328,8,81.88,10.24,36.86,1,2,Low Value
1497,6,88.33,2025-04-10 14:17:11.203857,Male,East,61,37320.0,0,0,0.2149756738328049,Bronze,103,2024-06-08 14:17:11.203857,542,236,6,88.33,14.72,39.74,1,2,Low Value
1498,2,66.94,2025-05-02 14:17:11.203857,Male,South,21,12306.0,1,0,0.26374828268603734,Bronze,92,2023-03-05 14:17:11.203857,1003,214,2,66.94,33.47,30.12,1,0,High Value
1499,8,52.83,2025-09-08 14:17:11.203857,Female,South,51,26862.0,0,0,0.24249768983046924,Silver,89,2022-08-04 14:17:11.203857,1216,85,8,52.83,6.6,23.76,0,1,Medium Value
